filepath,x1,y1,x2,y2,class_name
/usr/local/LSTM-KTH/m2cai16-tool-locations/JPEGImages/v05_060650.jpg,102,103,350,186,Grasper
/usr/local/LSTM-KTH/m2cai16-tool-locations/JPEGImages/v05_060650.jpg,302,102,510,242,Irrigator
/usr/local/LSTM-KTH/m2cai16-tool-locations/JPEGImages/v05_060650.jpg,408,246,586,359,Hook
/usr/local/LSTM-KTH/m2cai16-tool-locations/JPEGImages/v05_060650.jpg,401,156,548,350,SpecimenBag
/usr/local/LSTM-KTH/m2cai16-tool-locations/JPEGImages/v05_060650.jpg,96,164,201,213,Grasper
/usr/local/LSTM-KTH/m2cai16-tool-locations/JPEGImages/v05_060650.jpg,324,61,472,181,Bipolar
/usr/local/LSTM-KTH/m2cai16-tool-locations/JPEGImages/v05_060650.jpg,251,112,371,244,Clipper
/usr/local/LSTM-KTH/m2cai16-tool-locations/JPEGImages/v05_060650.jpg,466,208,627,309,Scissors
/usr/local/LSTM-KTH/m2cai16-tool-locations/JPEGImages/v05_060650.jpg,278,204,403,296,Irrigator
/usr/local/LSTM-KTH/m2cai16-tool-locations/JPEGImages/v05_060650.jpg,335,23,497,153,Hook
/usr/local/LSTM-KTH/m2cai16-tool-locations/JPEGImages/v05_060650.jpg,273,180,382,264,Clipper
/usr/local/LSTM-KTH/m2cai16-tool-locations/JPEGImages/v05_060650.jpg,106,170,194,236,Grasper
/usr/local/LSTM-KTH/m2cai16-tool-locations/JPEGImages/v05_060650.jpg,397,12,523,150,Irrigator
/usr/local/LSTM-KTH/m2cai16-tool-locations/JPEGImages/v05_060650.jpg,264,6,419,90,Bipolar
/usr/local/LSTM-KTH/m2cai16-tool-locations/JPEGImages/v05_060650.jpg,409,12,658,146,Grasper
/usr/local/LSTM-KTH/m2cai16-tool-locations/JPEGImages/v05_060650.jpg,354,42,542,179,Clipper
/usr/local/LSTM-KTH/m2cai16-tool-locations/JPEGImages/v05_060650.jpg,135,4,270,97,Bipolar
/usr/local/LSTM-KTH/m2cai16-tool-locations/JPEGImages/v05_060650.jpg,386,51,569,208,Hook
/usr/local/LSTM-KTH/m2cai16-tool-locations/JPEGImages/v05_060650.jpg,342,192,687,417,SpecimenBag
/usr/local/LSTM-KTH/m2cai16-tool-locations/JPEGImages/v05_060650.jpg,312,138,481,241,Bipolar
/usr/local/LSTM-KTH/m2cai16-tool-locations/JPEGImages/v05_060650.jpg,126,176,387,285,SpecimenBag
/usr/local/LSTM-KTH/m2cai16-tool-locations/JPEGImages/v05_060650.jpg,314,161,452,273,Irrigator
/usr/local/LSTM-KTH/m2cai16-tool-locations/JPEGImages/v05_060650.jpg,310,160,462,250,Clipper
/usr/local/LSTM-KTH/m2cai16-tool-locations/JPEGImages/v05_060650.jpg,126,67,356,162,Grasper
/usr/local/LSTM-KTH/m2cai16-tool-locations/JPEGImages/v05_060650.jpg,332,35,466,112,Grasper
/usr/local/LSTM-KTH/m2cai16-tool-locations/JPEGImages/v05_060650.jpg,177,28,416,169,Grasper
/usr/local/LSTM-KTH/m2cai16-tool-locations/JPEGImages/v05_060650.jpg,278,173,513,342,Clipper
/usr/local/LSTM-KTH/m2cai16-tool-locations/JPEGImages/v05_060650.jpg,170,161,456,397,SpecimenBag
/usr/local/LSTM-KTH/m2cai16-tool-locations/JPEGImages/v05_060650.jpg,496,37,778,243,Grasper
/usr/local/LSTM-KTH/m2cai16-tool-locations/JPEGImages/v05_060650.jpg,305,138,382,190,Clipper
/usr/local/LSTM-KTH/m2cai16-tool-locations/JPEGImages/v05_060650.jpg,412,145,587,243,Bipolar
/usr/local/LSTM-KTH/m2cai16-tool-locations/JPEGImages/v05_060650.jpg,67,70,230,194,Grasper
/usr/local/LSTM-KTH/m2cai16-tool-locations/JPEGImages/v05_060650.jpg,175,17,325,156,SpecimenBag
/usr/local/LSTM-KTH/m2cai16-tool-locations/JPEGImages/v05_060650.jpg,153,136,334,226,Grasper
/usr/local/LSTM-KTH/m2cai16-tool-locations/JPEGImages/v05_060650.jpg,389,137,613,243,Clipper
/usr/local/LSTM-KTH/m2cai16-tool-locations/JPEGImages/v05_060650.jpg,96,17,668,455,SpecimenBag
/usr/local/LSTM-KTH/m2cai16-tool-locations/JPEGImages/v05_060650.jpg,101,86,178,186,Grasper
/usr/local/LSTM-KTH/m2cai16-tool-locations/JPEGImages/v05_060650.jpg,315,145,453,253,Scissors
/usr/local/LSTM-KTH/m2cai16-tool-locations/JPEGImages/v05_060650.jpg,432,173,585,282,Irrigator
/usr/local/LSTM-KTH/m2cai16-tool-locations/JPEGImages/v05_060650.jpg,111,243,440,413,Grasper
/usr/local/LSTM-KTH/m2cai16-tool-locations/JPEGImages/v05_060650.jpg,5,250,361,374,Grasper
/usr/local/LSTM-KTH/m2cai16-tool-locations/JPEGImages/v05_060650.jpg,373,3,557,132,Clipper
/usr/local/LSTM-KTH/m2cai16-tool-locations/JPEGImages/v05_060650.jpg,392,286,635,430,Scissors
/usr/local/LSTM-KTH/m2cai16-tool-locations/JPEGImages/v05_060650.jpg,222,261,522,475,Clipper
/usr/local/LSTM-KTH/m2cai16-tool-locations/JPEGImages/v05_060650.jpg,349,80,430,195,Bipolar
/usr/local/LSTM-KTH/m2cai16-tool-locations/JPEGImages/v05_060650.jpg,323,104,469,212,Bipolar
/usr/local/LSTM-KTH/m2cai16-tool-locations/JPEGImages/v05_060650.jpg,162,31,357,133,Grasper
/usr/local/LSTM-KTH/m2cai16-tool-locations/JPEGImages/v05_060650.jpg,258,246,420,350,Hook
/usr/local/LSTM-KTH/m2cai16-tool-locations/JPEGImages/v05_060650.jpg,340,9,421,72,Grasper
/usr/local/LSTM-KTH/m2cai16-tool-locations/JPEGImages/v05_060650.jpg,341,127,503,238,Clipper
/usr/local/LSTM-KTH/m2cai16-tool-locations/JPEGImages/v05_060650.jpg,333,44,518,192,Hook
/usr/local/LSTM-KTH/m2cai16-tool-locations/JPEGImages/v05_060650.jpg,101,103,279,174,Grasper
/usr/local/LSTM-KTH/m2cai16-tool-locations/JPEGImages/v05_060650.jpg,302,143,476,220,Bipolar
/usr/local/LSTM-KTH/m2cai16-tool-locations/JPEGImages/v05_060650.jpg,410,174,642,293,Hook
/usr/local/LSTM-KTH/m2cai16-tool-locations/JPEGImages/v05_060650.jpg,248,198,340,277,Scissors
/usr/local/LSTM-KTH/m2cai16-tool-locations/JPEGImages/v05_060650.jpg,129,35,261,123,Grasper
/usr/local/LSTM-KTH/m2cai16-tool-locations/JPEGImages/v05_060650.jpg,285,9,384,87,Grasper
/usr/local/LSTM-KTH/m2cai16-tool-locations/JPEGImages/v05_060650.jpg,328,61,514,189,Irrigator
/usr/local/LSTM-KTH/m2cai16-tool-locations/JPEGImages/v05_060650.jpg,369,130,519,238,Hook
/usr/local/LSTM-KTH/m2cai16-tool-locations/JPEGImages/v05_060650.jpg,310,74,494,187,Clipper
/usr/local/LSTM-KTH/m2cai16-tool-locations/JPEGImages/v05_060650.jpg,248,284,564,418,Irrigator
/usr/local/LSTM-KTH/m2cai16-tool-locations/JPEGImages/v05_060650.jpg,358,29,587,167,Scissors
/usr/local/LSTM-KTH/m2cai16-tool-locations/JPEGImages/v05_060650.jpg,198,136,328,292,Irrigator
/usr/local/LSTM-KTH/m2cai16-tool-locations/JPEGImages/v05_060650.jpg,291,113,617,351,Grasper
/usr/local/LSTM-KTH/m2cai16-tool-locations/JPEGImages/v05_060650.jpg,288,190,394,255,Clipper
/usr/local/LSTM-KTH/m2cai16-tool-locations/JPEGImages/v05_060650.jpg,262,69,365,166,Scissors
/usr/local/LSTM-KTH/m2cai16-tool-locations/JPEGImages/v05_060650.jpg,412,185,552,263,Bipolar
/usr/local/LSTM-KTH/m2cai16-tool-locations/JPEGImages/v05_060650.jpg,306,49,414,91,Grasper
/usr/local/LSTM-KTH/m2cai16-tool-locations/JPEGImages/v05_060650.jpg,139,41,227,122,Grasper
/usr/local/LSTM-KTH/m2cai16-tool-locations/JPEGImages/v05_060650.jpg,289,100,363,156,Hook
/usr/local/LSTM-KTH/m2cai16-tool-locations/JPEGImages/v05_060650.jpg,70,246,308,328,Grasper
/usr/local/LSTM-KTH/m2cai16-tool-locations/JPEGImages/v05_060650.jpg,391,166,525,226,Grasper
/usr/local/LSTM-KTH/m2cai16-tool-locations/JPEGImages/v05_060650.jpg,309,70,454,168,Bipolar
/usr/local/LSTM-KTH/m2cai16-tool-locations/JPEGImages/v05_060650.jpg,271,217,344,275,Hook
/usr/local/LSTM-KTH/m2cai16-tool-locations/JPEGImages/v05_060650.jpg,292,151,363,238,Bipolar
/usr/local/LSTM-KTH/m2cai16-tool-locations/JPEGImages/v05_060650.jpg,354,14,554,182,Hook
/usr/local/LSTM-KTH/m2cai16-tool-locations/JPEGImages/v05_060650.jpg,369,141,480,218,Irrigator
/usr/local/LSTM-KTH/m2cai16-tool-locations/JPEGImages/v05_060650.jpg,411,159,515,260,Grasper
/usr/local/LSTM-KTH/m2cai16-tool-locations/JPEGImages/v05_060650.jpg,353,42,440,90,Grasper
/usr/local/LSTM-KTH/m2cai16-tool-locations/JPEGImages/v05_060650.jpg,367,81,516,174,Bipolar
/usr/local/LSTM-KTH/m2cai16-tool-locations/JPEGImages/v05_060650.jpg,113,51,307,155,Grasper
/usr/local/LSTM-KTH/m2cai16-tool-locations/JPEGImages/v05_060650.jpg,364,109,491,205,Bipolar
/usr/local/LSTM-KTH/m2cai16-tool-locations/JPEGImages/v05_060650.jpg,122,86,211,146,Grasper
/usr/local/LSTM-KTH/m2cai16-tool-locations/JPEGImages/v05_060650.jpg,202,104,337,225,Scissors
/usr/local/LSTM-KTH/m2cai16-tool-locations/JPEGImages/v05_060650.jpg,291,342,404,391,Irrigator
/usr/local/LSTM-KTH/m2cai16-tool-locations/JPEGImages/v05_060650.jpg,213,152,346,316,Scissors
/usr/local/LSTM-KTH/m2cai16-tool-locations/JPEGImages/v05_060650.jpg,329,130,467,216,Irrigator
/usr/local/LSTM-KTH/m2cai16-tool-locations/JPEGImages/v05_060650.jpg,279,130,466,258,Bipolar
/usr/local/LSTM-KTH/m2cai16-tool-locations/JPEGImages/v05_060650.jpg,330,130,457,234,Irrigator
/usr/local/LSTM-KTH/m2cai16-tool-locations/JPEGImages/v05_060650.jpg,197,121,421,266,SpecimenBag
/usr/local/LSTM-KTH/m2cai16-tool-locations/JPEGImages/v05_060650.jpg,393,88,453,140,Grasper
/usr/local/LSTM-KTH/m2cai16-tool-locations/JPEGImages/v05_060650.jpg,394,22,533,143,Irrigator
/usr/local/LSTM-KTH/m2cai16-tool-locations/JPEGImages/v05_060650.jpg,115,38,361,146,Grasper
/usr/local/LSTM-KTH/m2cai16-tool-locations/JPEGImages/v05_060650.jpg,323,124,475,227,Scissors
/usr/local/LSTM-KTH/m2cai16-tool-locations/JPEGImages/v05_060650.jpg,293,154,441,262,Hook
/usr/local/LSTM-KTH/m2cai16-tool-locations/JPEGImages/v05_060650.jpg,401,9,553,131,Scissors
/usr/local/LSTM-KTH/m2cai16-tool-locations/JPEGImages/v05_060650.jpg,372,75,598,200,Clipper
/usr/local/LSTM-KTH/m2cai16-tool-locations/JPEGImages/v05_060650.jpg,399,234,598,349,Clipper
/usr/local/LSTM-KTH/m2cai16-tool-locations/JPEGImages/v05_060650.jpg,185,11,495,222,Grasper
/usr/local/LSTM-KTH/m2cai16-tool-locations/JPEGImages/v05_060650.jpg,270,152,360,234,Bipolar
/usr/local/LSTM-KTH/m2cai16-tool-locations/JPEGImages/v05_060650.jpg,162,68,314,144,Grasper
/usr/local/LSTM-KTH/m2cai16-tool-locations/JPEGImages/v05_060650.jpg,89,140,183,256,SpecimenBag
/usr/local/LSTM-KTH/m2cai16-tool-locations/JPEGImages/v05_060650.jpg,302,48,568,243,Bipolar
/usr/local/LSTM-KTH/m2cai16-tool-locations/JPEGImages/v05_060650.jpg,247,188,338,260,Scissors
/usr/local/LSTM-KTH/m2cai16-tool-locations/JPEGImages/v05_060650.jpg,136,33,289,126,Grasper
/usr/local/LSTM-KTH/m2cai16-tool-locations/JPEGImages/v05_060650.jpg,295,7,384,81,Grasper
/usr/local/LSTM-KTH/m2cai16-tool-locations/JPEGImages/v05_060650.jpg,245,5,402,90,Grasper
/usr/local/LSTM-KTH/m2cai16-tool-locations/JPEGImages/v05_060650.jpg,366,117,534,205,Scissors
/usr/local/LSTM-KTH/m2cai16-tool-locations/JPEGImages/v05_060650.jpg,242,142,504,340,SpecimenBag
/usr/local/LSTM-KTH/m2cai16-tool-locations/JPEGImages/v05_060650.jpg,464,244,617,326,Grasper
/usr/local/LSTM-KTH/m2cai16-tool-locations/JPEGImages/v05_060650.jpg,414,128,522,199,Grasper
/usr/local/LSTM-KTH/m2cai16-tool-locations/JPEGImages/v05_060650.jpg,182,169,274,245,Grasper
/usr/local/LSTM-KTH/m2cai16-tool-locations/JPEGImages/v05_060650.jpg,160,235,248,321,Scissors
/usr/local/LSTM-KTH/m2cai16-tool-locations/JPEGImages/v05_060650.jpg,107,50,271,133,Grasper
/usr/local/LSTM-KTH/m2cai16-tool-locations/JPEGImages/v05_060650.jpg,275,6,406,91,Grasper
/usr/local/LSTM-KTH/m2cai16-tool-locations/JPEGImages/v05_060650.jpg,260,187,381,261,Scissors
/usr/local/LSTM-KTH/m2cai16-tool-locations/JPEGImages/v05_060650.jpg,315,293,445,374,Irrigator
/usr/local/LSTM-KTH/m2cai16-tool-locations/JPEGImages/v05_060650.jpg,427,205,605,298,Bipolar
/usr/local/LSTM-KTH/m2cai16-tool-locations/JPEGImages/v05_060650.jpg,372,8,537,137,Scissors
/usr/local/LSTM-KTH/m2cai16-tool-locations/JPEGImages/v05_060650.jpg,107,75,307,168,Grasper
/usr/local/LSTM-KTH/m2cai16-tool-locations/JPEGImages/v05_060650.jpg,322,126,444,206,Scissors
/usr/local/LSTM-KTH/m2cai16-tool-locations/JPEGImages/v05_060650.jpg,267,170,461,284,SpecimenBag
/usr/local/LSTM-KTH/m2cai16-tool-locations/JPEGImages/v05_060650.jpg,381,222,459,278,Grasper
/usr/local/LSTM-KTH/m2cai16-tool-locations/JPEGImages/v05_060650.jpg,396,276,522,343,Grasper
/usr/local/LSTM-KTH/m2cai16-tool-locations/JPEGImages/v05_060650.jpg,238,289,393,335,Grasper
/usr/local/LSTM-KTH/m2cai16-tool-locations/JPEGImages/v05_060650.jpg,245,48,348,121,Grasper
/usr/local/LSTM-KTH/m2cai16-tool-locations/JPEGImages/v05_060650.jpg,201,171,256,191,Grasper
/usr/local/LSTM-KTH/m2cai16-tool-locations/JPEGImages/v05_060650.jpg,137,110,310,187,Grasper
/usr/local/LSTM-KTH/m2cai16-tool-locations/JPEGImages/v05_060650.jpg,274,3,333,85,Grasper
/usr/local/LSTM-KTH/m2cai16-tool-locations/JPEGImages/v05_060650.jpg,303,10,528,166,Scissors
/usr/local/LSTM-KTH/m2cai16-tool-locations/JPEGImages/v05_060650.jpg,316,56,469,167,Clipper
/usr/local/LSTM-KTH/m2cai16-tool-locations/JPEGImages/v05_060650.jpg,83,61,281,345,SpecimenBag
/usr/local/LSTM-KTH/m2cai16-tool-locations/JPEGImages/v05_060650.jpg,267,191,433,306,Grasper
/usr/local/LSTM-KTH/m2cai16-tool-locations/JPEGImages/v05_060650.jpg,425,25,597,125,Hook
/usr/local/LSTM-KTH/m2cai16-tool-locations/JPEGImages/v05_060650.jpg,380,69,575,215,Scissors
/usr/local/LSTM-KTH/m2cai16-tool-locations/JPEGImages/v05_060650.jpg,249,223,422,325,SpecimenBag
/usr/local/LSTM-KTH/m2cai16-tool-locations/JPEGImages/v05_060650.jpg,367,170,633,331,Clipper
/usr/local/LSTM-KTH/m2cai16-tool-locations/JPEGImages/v05_060650.jpg,60,7,403,171,Grasper
/usr/local/LSTM-KTH/m2cai16-tool-locations/JPEGImages/v05_060650.jpg,290,6,444,113,SpecimenBag
/usr/local/LSTM-KTH/m2cai16-tool-locations/JPEGImages/v05_060650.jpg,378,20,564,164,Bipolar
/usr/local/LSTM-KTH/m2cai16-tool-locations/JPEGImages/v05_060650.jpg,311,160,643,389,Clipper
/usr/local/LSTM-KTH/m2cai16-tool-locations/JPEGImages/v05_060650.jpg,276,72,467,230,SpecimenBag
/usr/local/LSTM-KTH/m2cai16-tool-locations/JPEGImages/v05_060650.jpg,100,161,221,208,Grasper
/usr/local/LSTM-KTH/m2cai16-tool-locations/JPEGImages/v05_060650.jpg,345,68,587,231,Bipolar
/usr/local/LSTM-KTH/m2cai16-tool-locations/JPEGImages/v05_060650.jpg,150,65,468,324,SpecimenBag
/usr/local/LSTM-KTH/m2cai16-tool-locations/JPEGImages/v05_060650.jpg,339,12,487,93,Grasper
/usr/local/LSTM-KTH/m2cai16-tool-locations/JPEGImages/v05_060650.jpg,247,203,459,332,Grasper
/usr/local/LSTM-KTH/m2cai16-tool-locations/JPEGImages/v05_060650.jpg,119,158,309,220,Grasper
/usr/local/LSTM-KTH/m2cai16-tool-locations/JPEGImages/v05_060650.jpg,404,255,545,305,Grasper
/usr/local/LSTM-KTH/m2cai16-tool-locations/JPEGImages/v05_060650.jpg,171,127,226,184,Hook
/usr/local/LSTM-KTH/m2cai16-tool-locations/JPEGImages/v05_060650.jpg,397,14,572,139,Scissors
/usr/local/LSTM-KTH/m2cai16-tool-locations/JPEGImages/v05_060650.jpg,363,11,478,115,Scissors
/usr/local/LSTM-KTH/m2cai16-tool-locations/JPEGImages/v05_060650.jpg,524,203,763,340,SpecimenBag
/usr/local/LSTM-KTH/m2cai16-tool-locations/JPEGImages/v05_060650.jpg,297,130,409,198,Grasper
/usr/local/LSTM-KTH/m2cai16-tool-locations/JPEGImages/v05_060650.jpg,198,251,344,318,Irrigator
/usr/local/LSTM-KTH/m2cai16-tool-locations/JPEGImages/v05_060650.jpg,92,72,303,168,Grasper
/usr/local/LSTM-KTH/m2cai16-tool-locations/JPEGImages/v05_060650.jpg,312,133,431,215,Scissors
/usr/local/LSTM-KTH/m2cai16-tool-locations/JPEGImages/v05_060650.jpg,223,165,286,252,Bipolar
/usr/local/LSTM-KTH/m2cai16-tool-locations/JPEGImages/v05_060650.jpg,323,18,523,164,Grasper
/usr/local/LSTM-KTH/m2cai16-tool-locations/JPEGImages/v05_060650.jpg,375,13,533,167,Scissors
/usr/local/LSTM-KTH/m2cai16-tool-locations/JPEGImages/v05_060650.jpg,280,138,419,211,Irrigator
/usr/local/LSTM-KTH/m2cai16-tool-locations/JPEGImages/v05_060650.jpg,408,31,476,78,Bipolar
/usr/local/LSTM-KTH/m2cai16-tool-locations/JPEGImages/v05_060650.jpg,274,92,371,213,Scissors
/usr/local/LSTM-KTH/m2cai16-tool-locations/JPEGImages/v05_060650.jpg,184,98,370,245,SpecimenBag
/usr/local/LSTM-KTH/m2cai16-tool-locations/JPEGImages/v05_060650.jpg,306,48,388,99,Grasper
/usr/local/LSTM-KTH/m2cai16-tool-locations/JPEGImages/v05_060650.jpg,353,123,538,221,Hook
/usr/local/LSTM-KTH/m2cai16-tool-locations/JPEGImages/v05_060650.jpg,422,85,586,189,Irrigator
/usr/local/LSTM-KTH/m2cai16-tool-locations/JPEGImages/v05_060650.jpg,426,229,596,334,Irrigator
/usr/local/LSTM-KTH/m2cai16-tool-locations/JPEGImages/v05_060650.jpg,70,146,448,263,Grasper
/usr/local/LSTM-KTH/m2cai16-tool-locations/JPEGImages/v05_060650.jpg,276,62,464,269,SpecimenBag
/usr/local/LSTM-KTH/m2cai16-tool-locations/JPEGImages/v05_060650.jpg,106,188,235,297,Grasper
/usr/local/LSTM-KTH/m2cai16-tool-locations/JPEGImages/v05_060650.jpg,298,75,391,141,Clipper
/usr/local/LSTM-KTH/m2cai16-tool-locations/JPEGImages/v05_060650.jpg,317,15,529,170,Bipolar
/usr/local/LSTM-KTH/m2cai16-tool-locations/JPEGImages/v05_060650.jpg,187,54,422,169,Grasper
/usr/local/LSTM-KTH/m2cai16-tool-locations/JPEGImages/v05_060650.jpg,453,105,751,247,Bipolar
/usr/local/LSTM-KTH/m2cai16-tool-locations/JPEGImages/v05_060650.jpg,126,155,426,320,SpecimenBag
/usr/local/LSTM-KTH/m2cai16-tool-locations/JPEGImages/v05_060650.jpg,295,6,427,62,Grasper
/usr/local/LSTM-KTH/m2cai16-tool-locations/JPEGImages/v05_060650.jpg,328,142,572,285,Scissors
/usr/local/LSTM-KTH/m2cai16-tool-locations/JPEGImages/v05_060650.jpg,103,76,208,213,Bipolar
/usr/local/LSTM-KTH/m2cai16-tool-locations/JPEGImages/v05_060650.jpg,323,95,486,210,Grasper
/usr/local/LSTM-KTH/m2cai16-tool-locations/JPEGImages/v05_060650.jpg,274,267,514,364,Irrigator
/usr/local/LSTM-KTH/m2cai16-tool-locations/JPEGImages/v05_060650.jpg,423,18,751,247,SpecimenBag
/usr/local/LSTM-KTH/m2cai16-tool-locations/JPEGImages/v05_060650.jpg,483,47,686,229,Grasper
/usr/local/LSTM-KTH/m2cai16-tool-locations/JPEGImages/v05_060650.jpg,231,156,330,198,Grasper
/usr/local/LSTM-KTH/m2cai16-tool-locations/JPEGImages/v05_060650.jpg,334,179,397,260,Grasper
/usr/local/LSTM-KTH/m2cai16-tool-locations/JPEGImages/v05_060650.jpg,436,245,644,430,Hook
/usr/local/LSTM-KTH/m2cai16-tool-locations/JPEGImages/v05_060650.jpg,246,189,353,295,Scissors
/usr/local/LSTM-KTH/m2cai16-tool-locations/JPEGImages/v05_060650.jpg,137,28,265,125,Grasper
/usr/local/LSTM-KTH/m2cai16-tool-locations/JPEGImages/v05_060650.jpg,283,5,386,87,Grasper
/usr/local/LSTM-KTH/m2cai16-tool-locations/JPEGImages/v05_060650.jpg,277,15,460,136,SpecimenBag
/usr/local/LSTM-KTH/m2cai16-tool-locations/JPEGImages/v05_060650.jpg,286,151,400,249,Grasper
/usr/local/LSTM-KTH/m2cai16-tool-locations/JPEGImages/v05_060650.jpg,169,10,257,78,Grasper
/usr/local/LSTM-KTH/m2cai16-tool-locations/JPEGImages/v05_060650.jpg,222,59,627,359,SpecimenBag
/usr/local/LSTM-KTH/m2cai16-tool-locations/JPEGImages/v05_060650.jpg,423,189,576,279,Grasper
/usr/local/LSTM-KTH/m2cai16-tool-locations/JPEGImages/v05_060650.jpg,31,303,274,453,Grasper
/usr/local/LSTM-KTH/m2cai16-tool-locations/JPEGImages/v05_060650.jpg,532,81,727,252,SpecimenBag
/usr/local/LSTM-KTH/m2cai16-tool-locations/JPEGImages/v05_060650.jpg,257,121,535,294,SpecimenBag
/usr/local/LSTM-KTH/m2cai16-tool-locations/JPEGImages/v05_060650.jpg,189,164,331,268,Grasper
/usr/local/LSTM-KTH/m2cai16-tool-locations/JPEGImages/v05_060650.jpg,440,103,534,183,Grasper
/usr/local/LSTM-KTH/m2cai16-tool-locations/JPEGImages/v05_060650.jpg,124,42,260,125,Grasper
/usr/local/LSTM-KTH/m2cai16-tool-locations/JPEGImages/v05_060650.jpg,265,265,405,428,Scissors
/usr/local/LSTM-KTH/m2cai16-tool-locations/JPEGImages/v05_060650.jpg,102,62,603,341,SpecimenBag
/usr/local/LSTM-KTH/m2cai16-tool-locations/JPEGImages/v05_060650.jpg,348,4,532,95,Grasper
/usr/local/LSTM-KTH/m2cai16-tool-locations/JPEGImages/v05_060650.jpg,183,186,331,328,Grasper
/usr/local/LSTM-KTH/m2cai16-tool-locations/JPEGImages/v05_060650.jpg,304,3,470,121,Hook
/usr/local/LSTM-KTH/m2cai16-tool-locations/JPEGImages/v05_060650.jpg,262,58,358,143,Scissors
/usr/local/LSTM-KTH/m2cai16-tool-locations/JPEGImages/v05_060650.jpg,351,4,563,111,Hook
/usr/local/LSTM-KTH/m2cai16-tool-locations/JPEGImages/v05_060650.jpg,337,22,542,191,Bipolar
/usr/local/LSTM-KTH/m2cai16-tool-locations/JPEGImages/v05_060650.jpg,335,58,606,206,Scissors
/usr/local/LSTM-KTH/m2cai16-tool-locations/JPEGImages/v05_060650.jpg,83,13,617,464,SpecimenBag
/usr/local/LSTM-KTH/m2cai16-tool-locations/JPEGImages/v05_060650.jpg,367,117,611,273,Grasper
/usr/local/LSTM-KTH/m2cai16-tool-locations/JPEGImages/v05_060650.jpg,232,5,500,135,Grasper
/usr/local/LSTM-KTH/m2cai16-tool-locations/JPEGImages/v05_060650.jpg,301,161,439,244,Irrigator
/usr/local/LSTM-KTH/m2cai16-tool-locations/JPEGImages/v05_060650.jpg,378,111,485,188,Bipolar
/usr/local/LSTM-KTH/m2cai16-tool-locations/JPEGImages/v05_060650.jpg,217,6,368,91,Grasper
/usr/local/LSTM-KTH/m2cai16-tool-locations/JPEGImages/v05_060650.jpg,456,116,601,210,Hook
/usr/local/LSTM-KTH/m2cai16-tool-locations/JPEGImages/v05_060650.jpg,310,86,437,175,Hook
/usr/local/LSTM-KTH/m2cai16-tool-locations/JPEGImages/v05_060650.jpg,462,55,653,159,Clipper
/usr/local/LSTM-KTH/m2cai16-tool-locations/JPEGImages/v05_060650.jpg,120,128,668,451,SpecimenBag
/usr/local/LSTM-KTH/m2cai16-tool-locations/JPEGImages/v05_060650.jpg,253,47,592,337,SpecimenBag
/usr/local/LSTM-KTH/m2cai16-tool-locations/JPEGImages/v05_060650.jpg,445,162,607,240,Grasper
/usr/local/LSTM-KTH/m2cai16-tool-locations/JPEGImages/v05_060650.jpg,275,89,371,171,Bipolar
/usr/local/LSTM-KTH/m2cai16-tool-locations/JPEGImages/v05_060650.jpg,158,51,315,132,Grasper
/usr/local/LSTM-KTH/m2cai16-tool-locations/JPEGImages/v05_060650.jpg,75,81,469,386,Grasper
/usr/local/LSTM-KTH/m2cai16-tool-locations/JPEGImages/v05_060650.jpg,384,211,548,278,Grasper
/usr/local/LSTM-KTH/m2cai16-tool-locations/JPEGImages/v05_060650.jpg,238,41,317,155,Irrigator
/usr/local/LSTM-KTH/m2cai16-tool-locations/JPEGImages/v05_060650.jpg,351,65,510,185,Grasper
/usr/local/LSTM-KTH/m2cai16-tool-locations/JPEGImages/v05_060650.jpg,237,96,336,205,Clipper
/usr/local/LSTM-KTH/m2cai16-tool-locations/JPEGImages/v05_060650.jpg,458,192,688,296,Irrigator
/usr/local/LSTM-KTH/m2cai16-tool-locations/JPEGImages/v05_060650.jpg,291,100,484,255,Clipper
/usr/local/LSTM-KTH/m2cai16-tool-locations/JPEGImages/v05_060650.jpg,141,46,262,155,Grasper
/usr/local/LSTM-KTH/m2cai16-tool-locations/JPEGImages/v05_060650.jpg,267,40,380,160,Bipolar
/usr/local/LSTM-KTH/m2cai16-tool-locations/JPEGImages/v05_060650.jpg,373,47,671,180,Grasper
/usr/local/LSTM-KTH/m2cai16-tool-locations/JPEGImages/v05_060650.jpg,363,11,563,146,Scissors
/usr/local/LSTM-KTH/m2cai16-tool-locations/JPEGImages/v05_060650.jpg,221,89,401,215,Irrigator
/usr/local/LSTM-KTH/m2cai16-tool-locations/JPEGImages/v05_060650.jpg,343,31,468,139,Bipolar
/usr/local/LSTM-KTH/m2cai16-tool-locations/JPEGImages/v05_060650.jpg,141,34,318,147,Grasper
/usr/local/LSTM-KTH/m2cai16-tool-locations/JPEGImages/v05_060650.jpg,160,287,437,362,Grasper
/usr/local/LSTM-KTH/m2cai16-tool-locations/JPEGImages/v05_060650.jpg,140,123,453,274,SpecimenBag
/usr/local/LSTM-KTH/m2cai16-tool-locations/JPEGImages/v05_060650.jpg,67,114,284,256,Grasper
/usr/local/LSTM-KTH/m2cai16-tool-locations/JPEGImages/v05_060650.jpg,478,141,570,218,Grasper
/usr/local/LSTM-KTH/m2cai16-tool-locations/JPEGImages/v05_060650.jpg,242,0,454,142,Clipper
/usr/local/LSTM-KTH/m2cai16-tool-locations/JPEGImages/v05_060650.jpg,83,50,436,440,SpecimenBag
/usr/local/LSTM-KTH/m2cai16-tool-locations/JPEGImages/v05_060650.jpg,303,238,639,375,Grasper
/usr/local/LSTM-KTH/m2cai16-tool-locations/JPEGImages/v05_060650.jpg,363,165,480,266,Bipolar
/usr/local/LSTM-KTH/m2cai16-tool-locations/JPEGImages/v05_060650.jpg,107,164,284,245,Grasper
/usr/local/LSTM-KTH/m2cai16-tool-locations/JPEGImages/v05_060650.jpg,365,11,529,123,Clipper
/usr/local/LSTM-KTH/m2cai16-tool-locations/JPEGImages/v05_060650.jpg,116,86,178,131,Grasper
/usr/local/LSTM-KTH/m2cai16-tool-locations/JPEGImages/v05_060650.jpg,368,97,499,191,Bipolar
/usr/local/LSTM-KTH/m2cai16-tool-locations/JPEGImages/v05_060650.jpg,297,169,410,247,Bipolar
/usr/local/LSTM-KTH/m2cai16-tool-locations/JPEGImages/v05_060650.jpg,217,33,371,118,Grasper
/usr/local/LSTM-KTH/m2cai16-tool-locations/JPEGImages/v05_060650.jpg,251,199,482,363,Bipolar
/usr/local/LSTM-KTH/m2cai16-tool-locations/JPEGImages/v05_060650.jpg,288,197,503,280,Irrigator
/usr/local/LSTM-KTH/m2cai16-tool-locations/JPEGImages/v05_060650.jpg,248,85,393,235,Bipolar
/usr/local/LSTM-KTH/m2cai16-tool-locations/JPEGImages/v05_060650.jpg,60,22,646,471,SpecimenBag
/usr/local/LSTM-KTH/m2cai16-tool-locations/JPEGImages/v05_060650.jpg,234,234,695,422,Grasper
/usr/local/LSTM-KTH/m2cai16-tool-locations/JPEGImages/v05_060650.jpg,18,228,211,436,Grasper
/usr/local/LSTM-KTH/m2cai16-tool-locations/JPEGImages/v05_060650.jpg,248,108,415,231,Irrigator
/usr/local/LSTM-KTH/m2cai16-tool-locations/JPEGImages/v05_060650.jpg,96,203,336,319,Grasper
/usr/local/LSTM-KTH/m2cai16-tool-locations/JPEGImages/v05_060650.jpg,393,120,651,274,Clipper
/usr/local/LSTM-KTH/m2cai16-tool-locations/JPEGImages/v05_060650.jpg,353,65,459,148,Irrigator
/usr/local/LSTM-KTH/m2cai16-tool-locations/JPEGImages/v05_060650.jpg,116,132,223,207,Grasper
/usr/local/LSTM-KTH/m2cai16-tool-locations/JPEGImages/v05_060650.jpg,299,6,415,97,Scissors
/usr/local/LSTM-KTH/m2cai16-tool-locations/JPEGImages/v05_060650.jpg,363,116,634,271,Grasper
/usr/local/LSTM-KTH/m2cai16-tool-locations/JPEGImages/v05_060650.jpg,6,280,177,339,Grasper
/usr/local/LSTM-KTH/m2cai16-tool-locations/JPEGImages/v05_060650.jpg,264,8,394,56,Grasper
/usr/local/LSTM-KTH/m2cai16-tool-locations/JPEGImages/v05_060650.jpg,146,49,479,329,SpecimenBag
/usr/local/LSTM-KTH/m2cai16-tool-locations/JPEGImages/v05_060650.jpg,15,118,269,201,Grasper
/usr/local/LSTM-KTH/m2cai16-tool-locations/JPEGImages/v05_060650.jpg,406,80,605,257,Clipper
/usr/local/LSTM-KTH/m2cai16-tool-locations/JPEGImages/v05_060650.jpg,300,18,413,162,Irrigator
/usr/local/LSTM-KTH/m2cai16-tool-locations/JPEGImages/v05_060650.jpg,100,162,221,214,Grasper
/usr/local/LSTM-KTH/m2cai16-tool-locations/JPEGImages/v05_060650.jpg,315,54,494,191,Bipolar
/usr/local/LSTM-KTH/m2cai16-tool-locations/JPEGImages/v05_060650.jpg,297,123,433,234,Irrigator
/usr/local/LSTM-KTH/m2cai16-tool-locations/JPEGImages/v05_060650.jpg,229,283,334,399,Hook
/usr/local/LSTM-KTH/m2cai16-tool-locations/JPEGImages/v05_060650.jpg,225,49,395,178,Grasper
/usr/local/LSTM-KTH/m2cai16-tool-locations/JPEGImages/v05_060650.jpg,290,106,388,173,Clipper
/usr/local/LSTM-KTH/m2cai16-tool-locations/JPEGImages/v05_060650.jpg,233,223,360,316,Irrigator
/usr/local/LSTM-KTH/m2cai16-tool-locations/JPEGImages/v05_060650.jpg,364,67,482,129,Hook
/usr/local/LSTM-KTH/m2cai16-tool-locations/JPEGImages/v05_060650.jpg,295,156,417,233,Irrigator
/usr/local/LSTM-KTH/m2cai16-tool-locations/JPEGImages/v05_060650.jpg,173,34,329,117,Grasper
/usr/local/LSTM-KTH/m2cai16-tool-locations/JPEGImages/v05_060650.jpg,396,9,613,166,Clipper
/usr/local/LSTM-KTH/m2cai16-tool-locations/JPEGImages/v05_060650.jpg,265,229,429,302,Irrigator
/usr/local/LSTM-KTH/m2cai16-tool-locations/JPEGImages/v05_060650.jpg,121,106,281,212,Grasper
/usr/local/LSTM-KTH/m2cai16-tool-locations/JPEGImages/v05_060650.jpg,50,184,251,296,Grasper
/usr/local/LSTM-KTH/m2cai16-tool-locations/JPEGImages/v05_060650.jpg,313,210,444,306,Clipper
/usr/local/LSTM-KTH/m2cai16-tool-locations/JPEGImages/v05_060650.jpg,131,63,266,145,Grasper
/usr/local/LSTM-KTH/m2cai16-tool-locations/JPEGImages/v05_060650.jpg,309,26,487,173,Irrigator
/usr/local/LSTM-KTH/m2cai16-tool-locations/JPEGImages/v05_060650.jpg,372,177,538,276,Irrigator
/usr/local/LSTM-KTH/m2cai16-tool-locations/JPEGImages/v05_060650.jpg,79,194,463,385,SpecimenBag
/usr/local/LSTM-KTH/m2cai16-tool-locations/JPEGImages/v05_060650.jpg,291,129,480,269,Clipper
/usr/local/LSTM-KTH/m2cai16-tool-locations/JPEGImages/v05_060650.jpg,108,119,234,195,Grasper
/usr/local/LSTM-KTH/m2cai16-tool-locations/JPEGImages/v05_060650.jpg,356,16,556,180,Scissors
/usr/local/LSTM-KTH/m2cai16-tool-locations/JPEGImages/v05_060650.jpg,136,16,299,126,Grasper
/usr/local/LSTM-KTH/m2cai16-tool-locations/JPEGImages/v05_060650.jpg,323,5,681,208,Bipolar
/usr/local/LSTM-KTH/m2cai16-tool-locations/JPEGImages/v05_060650.jpg,359,74,522,177,Bipolar
/usr/local/LSTM-KTH/m2cai16-tool-locations/JPEGImages/v05_060650.jpg,100,84,302,191,Grasper
/usr/local/LSTM-KTH/m2cai16-tool-locations/JPEGImages/v05_060650.jpg,337,100,460,199,Irrigator
/usr/local/LSTM-KTH/m2cai16-tool-locations/JPEGImages/v05_060650.jpg,419,167,618,274,Irrigator
/usr/local/LSTM-KTH/m2cai16-tool-locations/JPEGImages/v05_060650.jpg,101,58,447,167,Grasper
/usr/local/LSTM-KTH/m2cai16-tool-locations/JPEGImages/v05_060650.jpg,286,65,479,250,SpecimenBag
/usr/local/LSTM-KTH/m2cai16-tool-locations/JPEGImages/v05_060650.jpg,313,164,441,315,Scissors
/usr/local/LSTM-KTH/m2cai16-tool-locations/JPEGImages/v05_060650.jpg,312,67,505,219,Clipper
/usr/local/LSTM-KTH/m2cai16-tool-locations/JPEGImages/v05_060650.jpg,54,240,197,360,Grasper
/usr/local/LSTM-KTH/m2cai16-tool-locations/JPEGImages/v05_060650.jpg,341,84,487,183,Bipolar
/usr/local/LSTM-KTH/m2cai16-tool-locations/JPEGImages/v05_060650.jpg,117,163,290,241,Grasper
/usr/local/LSTM-KTH/m2cai16-tool-locations/JPEGImages/v05_060650.jpg,137,162,348,230,Grasper
/usr/local/LSTM-KTH/m2cai16-tool-locations/JPEGImages/v05_060650.jpg,396,201,498,276,Grasper
/usr/local/LSTM-KTH/m2cai16-tool-locations/JPEGImages/v05_060650.jpg,491,245,613,312,Hook
/usr/local/LSTM-KTH/m2cai16-tool-locations/JPEGImages/v05_060650.jpg,454,30,586,129,Scissors
/usr/local/LSTM-KTH/m2cai16-tool-locations/JPEGImages/v05_060650.jpg,361,151,492,217,Bipolar
/usr/local/LSTM-KTH/m2cai16-tool-locations/JPEGImages/v05_060650.jpg,147,76,316,158,Grasper
/usr/local/LSTM-KTH/m2cai16-tool-locations/JPEGImages/v05_060650.jpg,384,31,580,173,Bipolar
/usr/local/LSTM-KTH/m2cai16-tool-locations/JPEGImages/v05_060650.jpg,372,228,485,310,Hook
/usr/local/LSTM-KTH/m2cai16-tool-locations/JPEGImages/v05_060650.jpg,479,84,739,286,SpecimenBag
/usr/local/LSTM-KTH/m2cai16-tool-locations/JPEGImages/v05_060650.jpg,346,373,479,432,Grasper
/usr/local/LSTM-KTH/m2cai16-tool-locations/JPEGImages/v05_060650.jpg,353,33,494,174,Scissors
/usr/local/LSTM-KTH/m2cai16-tool-locations/JPEGImages/v05_060650.jpg,299,84,407,191,Bipolar
/usr/local/LSTM-KTH/m2cai16-tool-locations/JPEGImages/v05_060650.jpg,305,24,450,161,Hook
/usr/local/LSTM-KTH/m2cai16-tool-locations/JPEGImages/v05_060650.jpg,394,49,551,185,Hook
/usr/local/LSTM-KTH/m2cai16-tool-locations/JPEGImages/v05_060650.jpg,37,183,211,286,Grasper
/usr/local/LSTM-KTH/m2cai16-tool-locations/JPEGImages/v05_060650.jpg,239,6,401,72,Grasper
/usr/local/LSTM-KTH/m2cai16-tool-locations/JPEGImages/v05_060650.jpg,372,107,562,210,Scissors
/usr/local/LSTM-KTH/m2cai16-tool-locations/JPEGImages/v05_060650.jpg,97,157,239,208,Grasper
/usr/local/LSTM-KTH/m2cai16-tool-locations/JPEGImages/v05_060650.jpg,277,5,476,156,Hook
/usr/local/LSTM-KTH/m2cai16-tool-locations/JPEGImages/v05_060650.jpg,413,8,540,143,Scissors
/usr/local/LSTM-KTH/m2cai16-tool-locations/JPEGImages/v05_060650.jpg,300,163,611,318,Irrigator
/usr/local/LSTM-KTH/m2cai16-tool-locations/JPEGImages/v05_060650.jpg,320,182,432,303,SpecimenBag
/usr/local/LSTM-KTH/m2cai16-tool-locations/JPEGImages/v05_060650.jpg,213,172,364,254,Grasper
/usr/local/LSTM-KTH/m2cai16-tool-locations/JPEGImages/v05_060650.jpg,359,17,478,118,Scissors
/usr/local/LSTM-KTH/m2cai16-tool-locations/JPEGImages/v05_060650.jpg,81,70,701,472,SpecimenBag
/usr/local/LSTM-KTH/m2cai16-tool-locations/JPEGImages/v05_060650.jpg,359,23,725,120,Grasper
/usr/local/LSTM-KTH/m2cai16-tool-locations/JPEGImages/v05_060650.jpg,333,159,453,246,Irrigator
/usr/local/LSTM-KTH/m2cai16-tool-locations/JPEGImages/v05_060650.jpg,246,87,310,156,Hook
/usr/local/LSTM-KTH/m2cai16-tool-locations/JPEGImages/v05_060650.jpg,260,180,395,302,Irrigator
/usr/local/LSTM-KTH/m2cai16-tool-locations/JPEGImages/v05_060650.jpg,103,67,290,146,Grasper
/usr/local/LSTM-KTH/m2cai16-tool-locations/JPEGImages/v05_060650.jpg,318,120,480,208,Scissors
/usr/local/LSTM-KTH/m2cai16-tool-locations/JPEGImages/v05_060650.jpg,328,205,758,432,Clipper
/usr/local/LSTM-KTH/m2cai16-tool-locations/JPEGImages/v05_060650.jpg,267,67,478,266,SpecimenBag
/usr/local/LSTM-KTH/m2cai16-tool-locations/JPEGImages/v05_060650.jpg,45,211,238,286,Grasper
/usr/local/LSTM-KTH/m2cai16-tool-locations/JPEGImages/v05_060650.jpg,441,144,743,328,Hook
/usr/local/LSTM-KTH/m2cai16-tool-locations/JPEGImages/v05_060650.jpg,372,87,446,172,Hook
/usr/local/LSTM-KTH/m2cai16-tool-locations/JPEGImages/v05_060650.jpg,318,129,420,246,Bipolar
/usr/local/LSTM-KTH/m2cai16-tool-locations/JPEGImages/v05_060650.jpg,434,154,608,259,Bipolar
/usr/local/LSTM-KTH/m2cai16-tool-locations/JPEGImages/v05_060650.jpg,208,136,465,250,Grasper
/usr/local/LSTM-KTH/m2cai16-tool-locations/JPEGImages/v05_060650.jpg,418,92,617,258,Grasper
/usr/local/LSTM-KTH/m2cai16-tool-locations/JPEGImages/v05_060650.jpg,302,275,415,351,Irrigator
/usr/local/LSTM-KTH/m2cai16-tool-locations/JPEGImages/v05_060650.jpg,283,163,493,340,Clipper
/usr/local/LSTM-KTH/m2cai16-tool-locations/JPEGImages/v05_060650.jpg,200,182,320,278,SpecimenBag
/usr/local/LSTM-KTH/m2cai16-tool-locations/JPEGImages/v05_060650.jpg,113,128,251,209,Grasper
/usr/local/LSTM-KTH/m2cai16-tool-locations/JPEGImages/v05_060650.jpg,180,89,369,234,SpecimenBag
/usr/local/LSTM-KTH/m2cai16-tool-locations/JPEGImages/v05_060650.jpg,188,116,444,232,Bipolar
/usr/local/LSTM-KTH/m2cai16-tool-locations/JPEGImages/v05_060650.jpg,357,16,516,151,Scissors
/usr/local/LSTM-KTH/m2cai16-tool-locations/JPEGImages/v05_060650.jpg,144,197,291,318,SpecimenBag
/usr/local/LSTM-KTH/m2cai16-tool-locations/JPEGImages/v05_060650.jpg,320,56,475,168,Hook
/usr/local/LSTM-KTH/m2cai16-tool-locations/JPEGImages/v05_060650.jpg,198,210,414,322,SpecimenBag
/usr/local/LSTM-KTH/m2cai16-tool-locations/JPEGImages/v05_060650.jpg,383,108,486,183,Irrigator
/usr/local/LSTM-KTH/m2cai16-tool-locations/JPEGImages/v05_060650.jpg,173,84,344,172,Grasper
/usr/local/LSTM-KTH/m2cai16-tool-locations/JPEGImages/v05_060650.jpg,372,140,490,193,Grasper
/usr/local/LSTM-KTH/m2cai16-tool-locations/JPEGImages/v05_060650.jpg,186,12,624,448,SpecimenBag
/usr/local/LSTM-KTH/m2cai16-tool-locations/JPEGImages/v05_060650.jpg,237,85,454,222,Grasper
/usr/local/LSTM-KTH/m2cai16-tool-locations/JPEGImages/v05_060650.jpg,531,15,774,117,Grasper
/usr/local/LSTM-KTH/m2cai16-tool-locations/JPEGImages/v05_060650.jpg,353,250,598,401,Irrigator
/usr/local/LSTM-KTH/m2cai16-tool-locations/JPEGImages/v05_060650.jpg,318,142,561,338,SpecimenBag
/usr/local/LSTM-KTH/m2cai16-tool-locations/JPEGImages/v05_060650.jpg,381,140,561,222,Grasper
/usr/local/LSTM-KTH/m2cai16-tool-locations/JPEGImages/v05_060650.jpg,305,234,406,299,Grasper
/usr/local/LSTM-KTH/m2cai16-tool-locations/JPEGImages/v05_060650.jpg,382,188,552,250,Irrigator
/usr/local/LSTM-KTH/m2cai16-tool-locations/JPEGImages/v05_060650.jpg,72,233,314,467,SpecimenBag
/usr/local/LSTM-KTH/m2cai16-tool-locations/JPEGImages/v05_060650.jpg,63,354,241,437,Grasper
/usr/local/LSTM-KTH/m2cai16-tool-locations/JPEGImages/v05_060650.jpg,349,32,482,171,Bipolar
/usr/local/LSTM-KTH/m2cai16-tool-locations/JPEGImages/v05_060650.jpg,115,173,281,249,Grasper
/usr/local/LSTM-KTH/m2cai16-tool-locations/JPEGImages/v05_060650.jpg,268,10,480,146,SpecimenBag
/usr/local/LSTM-KTH/m2cai16-tool-locations/JPEGImages/v05_060650.jpg,194,159,290,235,Grasper
/usr/local/LSTM-KTH/m2cai16-tool-locations/JPEGImages/v05_060650.jpg,194,128,353,276,Scissors
/usr/local/LSTM-KTH/m2cai16-tool-locations/JPEGImages/v05_060650.jpg,467,30,720,237,SpecimenBag
/usr/local/LSTM-KTH/m2cai16-tool-locations/JPEGImages/v05_060650.jpg,394,269,638,344,Grasper
/usr/local/LSTM-KTH/m2cai16-tool-locations/JPEGImages/v05_060650.jpg,373,106,596,223,Clipper
/usr/local/LSTM-KTH/m2cai16-tool-locations/JPEGImages/v05_060650.jpg,370,15,541,151,Bipolar
/usr/local/LSTM-KTH/m2cai16-tool-locations/JPEGImages/v05_060650.jpg,457,269,592,337,Bipolar
/usr/local/LSTM-KTH/m2cai16-tool-locations/JPEGImages/v05_060650.jpg,330,98,448,172,Hook
/usr/local/LSTM-KTH/m2cai16-tool-locations/JPEGImages/v05_060650.jpg,148,35,276,140,Grasper
/usr/local/LSTM-KTH/m2cai16-tool-locations/JPEGImages/v05_060650.jpg,239,22,349,152,Bipolar
/usr/local/LSTM-KTH/m2cai16-tool-locations/JPEGImages/v05_060650.jpg,169,19,291,103,Grasper
/usr/local/LSTM-KTH/m2cai16-tool-locations/JPEGImages/v05_060650.jpg,464,346,651,429,Irrigator
/usr/local/LSTM-KTH/m2cai16-tool-locations/JPEGImages/v05_060650.jpg,324,181,448,260,Bipolar
/usr/local/LSTM-KTH/m2cai16-tool-locations/JPEGImages/v05_060650.jpg,177,51,328,144,Grasper
/usr/local/LSTM-KTH/m2cai16-tool-locations/JPEGImages/v05_060650.jpg,133,97,339,331,Clipper
/usr/local/LSTM-KTH/m2cai16-tool-locations/JPEGImages/v05_060650.jpg,287,98,401,203,Bipolar
/usr/local/LSTM-KTH/m2cai16-tool-locations/JPEGImages/v05_060650.jpg,181,37,346,134,Grasper
/usr/local/LSTM-KTH/m2cai16-tool-locations/JPEGImages/v05_060650.jpg,305,134,395,214,Hook
/usr/local/LSTM-KTH/m2cai16-tool-locations/JPEGImages/v05_060650.jpg,436,6,565,61,Grasper
/usr/local/LSTM-KTH/m2cai16-tool-locations/JPEGImages/v05_060650.jpg,466,12,567,97,Scissors
/usr/local/LSTM-KTH/m2cai16-tool-locations/JPEGImages/v05_060650.jpg,51,197,389,451,SpecimenBag
/usr/local/LSTM-KTH/m2cai16-tool-locations/JPEGImages/v05_060650.jpg,280,152,412,238,Grasper
/usr/local/LSTM-KTH/m2cai16-tool-locations/JPEGImages/v05_060650.jpg,416,31,542,110,Grasper
/usr/local/LSTM-KTH/m2cai16-tool-locations/JPEGImages/v05_060650.jpg,327,8,489,172,Scissors
/usr/local/LSTM-KTH/m2cai16-tool-locations/JPEGImages/v05_060650.jpg,347,171,485,306,Hook
/usr/local/LSTM-KTH/m2cai16-tool-locations/JPEGImages/v05_060650.jpg,471,190,839,471,Hook
/usr/local/LSTM-KTH/m2cai16-tool-locations/JPEGImages/v05_060650.jpg,359,5,544,147,Hook
/usr/local/LSTM-KTH/m2cai16-tool-locations/JPEGImages/v05_060650.jpg,290,172,367,254,Scissors
/usr/local/LSTM-KTH/m2cai16-tool-locations/JPEGImages/v05_060650.jpg,139,28,284,120,Grasper
/usr/local/LSTM-KTH/m2cai16-tool-locations/JPEGImages/v05_060650.jpg,296,5,390,81,Grasper
/usr/local/LSTM-KTH/m2cai16-tool-locations/JPEGImages/v05_060650.jpg,362,32,535,166,Irrigator
/usr/local/LSTM-KTH/m2cai16-tool-locations/JPEGImages/v05_060650.jpg,83,6,669,250,Grasper
/usr/local/LSTM-KTH/m2cai16-tool-locations/JPEGImages/v05_060650.jpg,476,194,625,288,Hook
/usr/local/LSTM-KTH/m2cai16-tool-locations/JPEGImages/v05_060650.jpg,119,129,730,450,SpecimenBag
/usr/local/LSTM-KTH/m2cai16-tool-locations/JPEGImages/v05_060650.jpg,394,12,778,117,Grasper
/usr/local/LSTM-KTH/m2cai16-tool-locations/JPEGImages/v05_060650.jpg,211,42,377,125,Bipolar
/usr/local/LSTM-KTH/m2cai16-tool-locations/JPEGImages/v05_060650.jpg,150,127,227,156,Grasper
/usr/local/LSTM-KTH/m2cai16-tool-locations/JPEGImages/v05_060650.jpg,248,4,373,90,Grasper
/usr/local/LSTM-KTH/m2cai16-tool-locations/JPEGImages/v05_060650.jpg,176,58,764,423,SpecimenBag
/usr/local/LSTM-KTH/m2cai16-tool-locations/JPEGImages/v05_060650.jpg,362,136,577,224,Grasper
/usr/local/LSTM-KTH/m2cai16-tool-locations/JPEGImages/v05_060650.jpg,564,88,688,161,Grasper
/usr/local/LSTM-KTH/m2cai16-tool-locations/JPEGImages/v05_060650.jpg,364,91,471,166,Irrigator
/usr/local/LSTM-KTH/m2cai16-tool-locations/JPEGImages/v05_060650.jpg,300,117,445,208,Bipolar
/usr/local/LSTM-KTH/m2cai16-tool-locations/JPEGImages/v05_060650.jpg,177,51,318,128,Grasper
/usr/local/LSTM-KTH/m2cai16-tool-locations/JPEGImages/v05_060650.jpg,287,218,375,306,Bipolar
/usr/local/LSTM-KTH/m2cai16-tool-locations/JPEGImages/v05_060650.jpg,100,7,303,81,Grasper
/usr/local/LSTM-KTH/m2cai16-tool-locations/JPEGImages/v05_060650.jpg,160,36,422,166,Bipolar
/usr/local/LSTM-KTH/m2cai16-tool-locations/JPEGImages/v05_060650.jpg,274,1,446,125,Hook
/usr/local/LSTM-KTH/m2cai16-tool-locations/JPEGImages/v05_060650.jpg,412,10,556,111,Scissors
/usr/local/LSTM-KTH/m2cai16-tool-locations/JPEGImages/v05_060650.jpg,388,2,505,48,Grasper
/usr/local/LSTM-KTH/m2cai16-tool-locations/JPEGImages/v05_060650.jpg,103,159,249,216,Grasper
/usr/local/LSTM-KTH/m2cai16-tool-locations/JPEGImages/v05_060650.jpg,242,274,459,372,Irrigator
/usr/local/LSTM-KTH/m2cai16-tool-locations/JPEGImages/v05_060650.jpg,306,119,441,211,Irrigator
/usr/local/LSTM-KTH/m2cai16-tool-locations/JPEGImages/v05_060650.jpg,292,107,393,185,Irrigator
/usr/local/LSTM-KTH/m2cai16-tool-locations/JPEGImages/v05_060650.jpg,247,27,389,119,Grasper
/usr/local/LSTM-KTH/m2cai16-tool-locations/JPEGImages/v05_060650.jpg,200,121,338,221,Scissors
/usr/local/LSTM-KTH/m2cai16-tool-locations/JPEGImages/v05_060650.jpg,482,267,590,338,Irrigator
/usr/local/LSTM-KTH/m2cai16-tool-locations/JPEGImages/v05_060650.jpg,335,9,519,167,Scissors
/usr/local/LSTM-KTH/m2cai16-tool-locations/JPEGImages/v05_060650.jpg,170,18,427,170,Irrigator
/usr/local/LSTM-KTH/m2cai16-tool-locations/JPEGImages/v05_060650.jpg,261,24,425,191,Bipolar
/usr/local/LSTM-KTH/m2cai16-tool-locations/JPEGImages/v05_060650.jpg,138,27,253,185,SpecimenBag
/usr/local/LSTM-KTH/m2cai16-tool-locations/JPEGImages/v05_060650.jpg,284,78,394,153,Grasper
/usr/local/LSTM-KTH/m2cai16-tool-locations/JPEGImages/v05_060650.jpg,372,131,461,176,Grasper
/usr/local/LSTM-KTH/m2cai16-tool-locations/JPEGImages/v05_060650.jpg,258,9,394,133,Bipolar
/usr/local/LSTM-KTH/m2cai16-tool-locations/JPEGImages/v05_060650.jpg,275,298,440,381,Irrigator
/usr/local/LSTM-KTH/m2cai16-tool-locations/JPEGImages/v05_060650.jpg,245,90,563,274,SpecimenBag
/usr/local/LSTM-KTH/m2cai16-tool-locations/JPEGImages/v05_060650.jpg,388,109,524,223,Grasper
/usr/local/LSTM-KTH/m2cai16-tool-locations/JPEGImages/v05_060650.jpg,393,94,629,215,Grasper
/usr/local/LSTM-KTH/m2cai16-tool-locations/JPEGImages/v05_060650.jpg,265,283,457,355,Grasper
/usr/local/LSTM-KTH/m2cai16-tool-locations/JPEGImages/v05_060650.jpg,353,309,678,430,Grasper
/usr/local/LSTM-KTH/m2cai16-tool-locations/JPEGImages/v05_060650.jpg,306,80,437,166,Irrigator
/usr/local/LSTM-KTH/m2cai16-tool-locations/JPEGImages/v05_060650.jpg,90,173,306,300,Grasper
/usr/local/LSTM-KTH/m2cai16-tool-locations/JPEGImages/v05_060650.jpg,359,203,473,306,Irrigator
/usr/local/LSTM-KTH/m2cai16-tool-locations/JPEGImages/v05_060650.jpg,84,27,500,393,SpecimenBag
/usr/local/LSTM-KTH/m2cai16-tool-locations/JPEGImages/v05_060650.jpg,405,18,617,198,Grasper
/usr/local/LSTM-KTH/m2cai16-tool-locations/JPEGImages/v05_060650.jpg,356,69,542,196,Scissors
/usr/local/LSTM-KTH/m2cai16-tool-locations/JPEGImages/v05_060650.jpg,321,12,570,160,Scissors
/usr/local/LSTM-KTH/m2cai16-tool-locations/JPEGImages/v05_060650.jpg,311,72,432,155,Irrigator
/usr/local/LSTM-KTH/m2cai16-tool-locations/JPEGImages/v05_060650.jpg,131,82,346,179,Grasper
/usr/local/LSTM-KTH/m2cai16-tool-locations/JPEGImages/v05_060650.jpg,136,10,364,120,Grasper
/usr/local/LSTM-KTH/m2cai16-tool-locations/JPEGImages/v05_060650.jpg,340,141,510,207,Scissors
/usr/local/LSTM-KTH/m2cai16-tool-locations/JPEGImages/v05_060650.jpg,158,45,648,356,SpecimenBag
/usr/local/LSTM-KTH/m2cai16-tool-locations/JPEGImages/v05_060650.jpg,199,27,362,147,SpecimenBag
/usr/local/LSTM-KTH/m2cai16-tool-locations/JPEGImages/v05_060650.jpg,186,108,361,192,Grasper
/usr/local/LSTM-KTH/m2cai16-tool-locations/JPEGImages/v05_060650.jpg,430,133,499,207,Irrigator
/usr/local/LSTM-KTH/m2cai16-tool-locations/JPEGImages/v05_060650.jpg,386,27,583,229,Scissors
/usr/local/LSTM-KTH/m2cai16-tool-locations/JPEGImages/v05_060650.jpg,331,32,512,156,Hook
/usr/local/LSTM-KTH/m2cai16-tool-locations/JPEGImages/v05_060650.jpg,239,10,624,262,Clipper
/usr/local/LSTM-KTH/m2cai16-tool-locations/JPEGImages/v05_060650.jpg,268,75,397,249,Irrigator
/usr/local/LSTM-KTH/m2cai16-tool-locations/JPEGImages/v05_060650.jpg,168,202,390,339,Grasper
/usr/local/LSTM-KTH/m2cai16-tool-locations/JPEGImages/v05_060650.jpg,358,137,483,193,Grasper
/usr/local/LSTM-KTH/m2cai16-tool-locations/JPEGImages/v05_060650.jpg,306,23,442,131,Scissors
/usr/local/LSTM-KTH/m2cai16-tool-locations/JPEGImages/v05_060650.jpg,79,227,361,400,SpecimenBag
/usr/local/LSTM-KTH/m2cai16-tool-locations/JPEGImages/v05_060650.jpg,303,11,442,79,Grasper
/usr/local/LSTM-KTH/m2cai16-tool-locations/JPEGImages/v05_060650.jpg,495,52,674,184,Irrigator
/usr/local/LSTM-KTH/m2cai16-tool-locations/JPEGImages/v05_060650.jpg,277,92,577,223,Grasper
/usr/local/LSTM-KTH/m2cai16-tool-locations/JPEGImages/v05_060650.jpg,309,79,478,208,Bipolar
/usr/local/LSTM-KTH/m2cai16-tool-locations/JPEGImages/v05_060650.jpg,112,100,177,159,Grasper
/usr/local/LSTM-KTH/m2cai16-tool-locations/JPEGImages/v05_060650.jpg,386,3,760,213,Hook
/usr/local/LSTM-KTH/m2cai16-tool-locations/JPEGImages/v05_060650.jpg,424,40,628,191,Hook
/usr/local/LSTM-KTH/m2cai16-tool-locations/JPEGImages/v05_060650.jpg,365,88,595,214,Clipper
/usr/local/LSTM-KTH/m2cai16-tool-locations/JPEGImages/v05_060650.jpg,133,49,403,225,SpecimenBag
/usr/local/LSTM-KTH/m2cai16-tool-locations/JPEGImages/v05_060650.jpg,201,113,294,191,Grasper
/usr/local/LSTM-KTH/m2cai16-tool-locations/JPEGImages/v05_060650.jpg,148,215,263,312,SpecimenBag
/usr/local/LSTM-KTH/m2cai16-tool-locations/JPEGImages/v05_060650.jpg,226,156,408,279,Grasper
/usr/local/LSTM-KTH/m2cai16-tool-locations/JPEGImages/v05_060650.jpg,331,110,507,228,Scissors
/usr/local/LSTM-KTH/m2cai16-tool-locations/JPEGImages/v05_060650.jpg,287,101,388,171,Hook
/usr/local/LSTM-KTH/m2cai16-tool-locations/JPEGImages/v05_060650.jpg,331,141,501,258,Clipper
/usr/local/LSTM-KTH/m2cai16-tool-locations/JPEGImages/v05_060650.jpg,256,11,438,124,Grasper
/usr/local/LSTM-KTH/m2cai16-tool-locations/JPEGImages/v05_060650.jpg,225,345,320,389,Irrigator
/usr/local/LSTM-KTH/m2cai16-tool-locations/JPEGImages/v05_060650.jpg,365,91,502,198,Bipolar
/usr/local/LSTM-KTH/m2cai16-tool-locations/JPEGImages/v05_060650.jpg,394,117,481,226,Irrigator
/usr/local/LSTM-KTH/m2cai16-tool-locations/JPEGImages/v05_060650.jpg,104,153,269,211,Grasper
/usr/local/LSTM-KTH/m2cai16-tool-locations/JPEGImages/v05_060650.jpg,294,107,390,193,Bipolar
/usr/local/LSTM-KTH/m2cai16-tool-locations/JPEGImages/v05_060650.jpg,99,70,301,174,Grasper
/usr/local/LSTM-KTH/m2cai16-tool-locations/JPEGImages/v05_060650.jpg,354,13,501,141,Scissors
/usr/local/LSTM-KTH/m2cai16-tool-locations/JPEGImages/v05_060650.jpg,354,6,522,110,Grasper
/usr/local/LSTM-KTH/m2cai16-tool-locations/JPEGImages/v05_060650.jpg,447,161,754,307,Bipolar
/usr/local/LSTM-KTH/m2cai16-tool-locations/JPEGImages/v05_060650.jpg,96,198,253,238,Grasper
/usr/local/LSTM-KTH/m2cai16-tool-locations/JPEGImages/v05_060650.jpg,252,163,315,213,Grasper
/usr/local/LSTM-KTH/m2cai16-tool-locations/JPEGImages/v05_060650.jpg,124,28,218,170,Bipolar
/usr/local/LSTM-KTH/m2cai16-tool-locations/JPEGImages/v05_060650.jpg,340,73,487,204,Grasper
/usr/local/LSTM-KTH/m2cai16-tool-locations/JPEGImages/v05_060650.jpg,348,120,468,200,Bipolar
/usr/local/LSTM-KTH/m2cai16-tool-locations/JPEGImages/v05_060650.jpg,93,91,297,190,Grasper
/usr/local/LSTM-KTH/m2cai16-tool-locations/JPEGImages/v05_060650.jpg,270,8,393,121,Bipolar
/usr/local/LSTM-KTH/m2cai16-tool-locations/JPEGImages/v05_060650.jpg,140,87,303,165,Grasper
/usr/local/LSTM-KTH/m2cai16-tool-locations/JPEGImages/v05_060650.jpg,334,7,527,126,Bipolar
/usr/local/LSTM-KTH/m2cai16-tool-locations/JPEGImages/v05_060650.jpg,322,246,441,340,Bipolar
/usr/local/LSTM-KTH/m2cai16-tool-locations/JPEGImages/v05_060650.jpg,131,45,353,169,Grasper
/usr/local/LSTM-KTH/m2cai16-tool-locations/JPEGImages/v05_060650.jpg,274,128,538,298,SpecimenBag
/usr/local/LSTM-KTH/m2cai16-tool-locations/JPEGImages/v05_060650.jpg,118,219,320,329,Grasper
/usr/local/LSTM-KTH/m2cai16-tool-locations/JPEGImages/v05_060650.jpg,147,6,278,145,SpecimenBag
/usr/local/LSTM-KTH/m2cai16-tool-locations/JPEGImages/v05_060650.jpg,526,185,821,364,Hook
/usr/local/LSTM-KTH/m2cai16-tool-locations/JPEGImages/v05_060650.jpg,300,64,398,147,Irrigator
/usr/local/LSTM-KTH/m2cai16-tool-locations/JPEGImages/v05_060650.jpg,208,38,341,106,Grasper
/usr/local/LSTM-KTH/m2cai16-tool-locations/JPEGImages/v05_060650.jpg,229,144,475,438,Scissors
/usr/local/LSTM-KTH/m2cai16-tool-locations/JPEGImages/v05_060650.jpg,323,250,522,343,Irrigator
/usr/local/LSTM-KTH/m2cai16-tool-locations/JPEGImages/v05_060650.jpg,193,181,566,333,SpecimenBag
/usr/local/LSTM-KTH/m2cai16-tool-locations/JPEGImages/v05_060650.jpg,494,197,568,267,Grasper
/usr/local/LSTM-KTH/m2cai16-tool-locations/JPEGImages/v05_060650.jpg,317,6,440,80,Grasper
/usr/local/LSTM-KTH/m2cai16-tool-locations/JPEGImages/v05_060650.jpg,435,125,537,183,Scissors
/usr/local/LSTM-KTH/m2cai16-tool-locations/JPEGImages/v05_060650.jpg,120,8,374,146,Grasper
/usr/local/LSTM-KTH/m2cai16-tool-locations/JPEGImages/v05_060650.jpg,137,133,408,295,SpecimenBag
/usr/local/LSTM-KTH/m2cai16-tool-locations/JPEGImages/v05_060650.jpg,316,74,476,206,Bipolar
/usr/local/LSTM-KTH/m2cai16-tool-locations/JPEGImages/v05_060650.jpg,107,135,239,235,Grasper
/usr/local/LSTM-KTH/m2cai16-tool-locations/JPEGImages/v05_060650.jpg,411,186,559,254,Grasper
/usr/local/LSTM-KTH/m2cai16-tool-locations/JPEGImages/v05_060650.jpg,327,77,620,201,Scissors
/usr/local/LSTM-KTH/m2cai16-tool-locations/JPEGImages/v05_060650.jpg,251,296,413,426,Scissors
/usr/local/LSTM-KTH/m2cai16-tool-locations/JPEGImages/v05_060650.jpg,333,151,417,260,Bipolar
/usr/local/LSTM-KTH/m2cai16-tool-locations/JPEGImages/v05_060650.jpg,309,10,440,94,Scissors
/usr/local/LSTM-KTH/m2cai16-tool-locations/JPEGImages/v05_060650.jpg,334,161,493,247,Clipper
/usr/local/LSTM-KTH/m2cai16-tool-locations/JPEGImages/v05_060650.jpg,291,57,388,125,Hook
/usr/local/LSTM-KTH/m2cai16-tool-locations/JPEGImages/v05_060650.jpg,243,111,338,196,Clipper
/usr/local/LSTM-KTH/m2cai16-tool-locations/JPEGImages/v05_060650.jpg,250,291,389,379,Grasper
/usr/local/LSTM-KTH/m2cai16-tool-locations/JPEGImages/v05_060650.jpg,595,82,838,200,Hook
/usr/local/LSTM-KTH/m2cai16-tool-locations/JPEGImages/v05_060650.jpg,444,97,580,175,Irrigator
/usr/local/LSTM-KTH/m2cai16-tool-locations/JPEGImages/v05_060650.jpg,340,50,531,189,Irrigator
/usr/local/LSTM-KTH/m2cai16-tool-locations/JPEGImages/v05_060650.jpg,266,198,445,340,Hook
/usr/local/LSTM-KTH/m2cai16-tool-locations/JPEGImages/v05_060650.jpg,276,115,361,166,Clipper
/usr/local/LSTM-KTH/m2cai16-tool-locations/JPEGImages/v05_060650.jpg,313,124,496,277,Clipper
/usr/local/LSTM-KTH/m2cai16-tool-locations/JPEGImages/v05_060650.jpg,313,107,461,228,Irrigator
/usr/local/LSTM-KTH/m2cai16-tool-locations/JPEGImages/v05_060650.jpg,345,60,432,157,Irrigator
/usr/local/LSTM-KTH/m2cai16-tool-locations/JPEGImages/v05_060650.jpg,143,63,339,142,Grasper
/usr/local/LSTM-KTH/m2cai16-tool-locations/JPEGImages/v05_060650.jpg,346,58,452,155,Irrigator
/usr/local/LSTM-KTH/m2cai16-tool-locations/JPEGImages/v05_060650.jpg,225,245,372,423,Scissors
/usr/local/LSTM-KTH/m2cai16-tool-locations/JPEGImages/v05_060650.jpg,254,105,418,232,Irrigator
/usr/local/LSTM-KTH/m2cai16-tool-locations/JPEGImages/v05_060650.jpg,163,244,403,344,Grasper
/usr/local/LSTM-KTH/m2cai16-tool-locations/JPEGImages/v05_060650.jpg,32,133,183,447,SpecimenBag
/usr/local/LSTM-KTH/m2cai16-tool-locations/JPEGImages/v05_060650.jpg,367,97,803,237,Grasper
/usr/local/LSTM-KTH/m2cai16-tool-locations/JPEGImages/v05_060650.jpg,282,106,408,199,Bipolar
/usr/local/LSTM-KTH/m2cai16-tool-locations/JPEGImages/v05_060650.jpg,118,180,281,262,Grasper
/usr/local/LSTM-KTH/m2cai16-tool-locations/JPEGImages/v05_060650.jpg,339,131,474,227,Scissors
/usr/local/LSTM-KTH/m2cai16-tool-locations/JPEGImages/v05_060650.jpg,271,145,486,297,Clipper
/usr/local/LSTM-KTH/m2cai16-tool-locations/JPEGImages/v05_060650.jpg,248,42,387,147,Scissors
/usr/local/LSTM-KTH/m2cai16-tool-locations/JPEGImages/v05_060650.jpg,277,30,394,148,Hook
/usr/local/LSTM-KTH/m2cai16-tool-locations/JPEGImages/v05_060650.jpg,277,343,399,394,Grasper
/usr/local/LSTM-KTH/m2cai16-tool-locations/JPEGImages/v05_060650.jpg,369,28,465,83,Grasper
/usr/local/LSTM-KTH/m2cai16-tool-locations/JPEGImages/v05_060650.jpg,115,106,560,371,SpecimenBag
/usr/local/LSTM-KTH/m2cai16-tool-locations/JPEGImages/v05_060650.jpg,56,154,284,272,Grasper
/usr/local/LSTM-KTH/m2cai16-tool-locations/JPEGImages/v05_060650.jpg,64,39,358,232,Grasper
/usr/local/LSTM-KTH/m2cai16-tool-locations/JPEGImages/v05_060650.jpg,413,229,643,392,Clipper
/usr/local/LSTM-KTH/m2cai16-tool-locations/JPEGImages/v05_060650.jpg,368,189,611,306,Hook
/usr/local/LSTM-KTH/m2cai16-tool-locations/JPEGImages/v05_060650.jpg,265,138,396,292,Clipper
/usr/local/LSTM-KTH/m2cai16-tool-locations/JPEGImages/v05_060650.jpg,228,175,697,475,Clipper
/usr/local/LSTM-KTH/m2cai16-tool-locations/JPEGImages/v05_060650.jpg,362,136,472,201,Hook
/usr/local/LSTM-KTH/m2cai16-tool-locations/JPEGImages/v05_060650.jpg,98,60,385,303,SpecimenBag
/usr/local/LSTM-KTH/m2cai16-tool-locations/JPEGImages/v05_060650.jpg,218,72,333,143,Grasper
/usr/local/LSTM-KTH/m2cai16-tool-locations/JPEGImages/v05_060650.jpg,332,44,415,133,Grasper
/usr/local/LSTM-KTH/m2cai16-tool-locations/JPEGImages/v05_060650.jpg,235,74,309,133,Grasper
/usr/local/LSTM-KTH/m2cai16-tool-locations/JPEGImages/v05_060650.jpg,399,194,618,363,Hook
/usr/local/LSTM-KTH/m2cai16-tool-locations/JPEGImages/v05_060650.jpg,404,105,652,239,Clipper
/usr/local/LSTM-KTH/m2cai16-tool-locations/JPEGImages/v05_060650.jpg,338,4,612,149,Hook
/usr/local/LSTM-KTH/m2cai16-tool-locations/JPEGImages/v05_060650.jpg,419,289,550,353,Irrigator
/usr/local/LSTM-KTH/m2cai16-tool-locations/JPEGImages/v05_060650.jpg,453,247,597,358,Scissors
/usr/local/LSTM-KTH/m2cai16-tool-locations/JPEGImages/v05_060650.jpg,45,209,173,275,Grasper
/usr/local/LSTM-KTH/m2cai16-tool-locations/JPEGImages/v05_060650.jpg,233,4,424,77,Grasper
/usr/local/LSTM-KTH/m2cai16-tool-locations/JPEGImages/v05_060650.jpg,332,130,533,265,Scissors
/usr/local/LSTM-KTH/m2cai16-tool-locations/JPEGImages/v05_060650.jpg,207,119,344,257,SpecimenBag
/usr/local/LSTM-KTH/m2cai16-tool-locations/JPEGImages/v05_060650.jpg,190,127,257,181,Grasper
/usr/local/LSTM-KTH/m2cai16-tool-locations/JPEGImages/v05_060650.jpg,295,165,373,204,Grasper
/usr/local/LSTM-KTH/m2cai16-tool-locations/JPEGImages/v05_060650.jpg,35,44,278,157,Grasper
/usr/local/LSTM-KTH/m2cai16-tool-locations/JPEGImages/v05_060650.jpg,344,62,576,153,Scissors
/usr/local/LSTM-KTH/m2cai16-tool-locations/JPEGImages/v05_060650.jpg,166,308,642,461,SpecimenBag
/usr/local/LSTM-KTH/m2cai16-tool-locations/JPEGImages/v05_060650.jpg,355,48,701,299,Grasper
/usr/local/LSTM-KTH/m2cai16-tool-locations/JPEGImages/v05_060650.jpg,277,45,469,201,Grasper
/usr/local/LSTM-KTH/m2cai16-tool-locations/JPEGImages/v05_060650.jpg,315,94,495,174,Clipper
/usr/local/LSTM-KTH/m2cai16-tool-locations/JPEGImages/v05_060650.jpg,422,147,683,337,Irrigator
/usr/local/LSTM-KTH/m2cai16-tool-locations/JPEGImages/v05_060650.jpg,377,64,603,197,Scissors
/usr/local/LSTM-KTH/m2cai16-tool-locations/JPEGImages/v05_060650.jpg,240,166,387,328,Clipper
/usr/local/LSTM-KTH/m2cai16-tool-locations/JPEGImages/v05_060650.jpg,241,12,468,213,SpecimenBag
/usr/local/LSTM-KTH/m2cai16-tool-locations/JPEGImages/v05_060650.jpg,167,78,295,152,Grasper
/usr/local/LSTM-KTH/m2cai16-tool-locations/JPEGImages/v05_060650.jpg,368,10,527,145,Bipolar
/usr/local/LSTM-KTH/m2cai16-tool-locations/JPEGImages/v05_060650.jpg,341,10,488,130,Hook
/usr/local/LSTM-KTH/m2cai16-tool-locations/JPEGImages/v05_060650.jpg,304,160,421,218,Clipper
/usr/local/LSTM-KTH/m2cai16-tool-locations/JPEGImages/v05_060650.jpg,121,223,254,270,Grasper
/usr/local/LSTM-KTH/m2cai16-tool-locations/JPEGImages/v05_060650.jpg,298,86,419,146,Grasper
/usr/local/LSTM-KTH/m2cai16-tool-locations/JPEGImages/v05_060650.jpg,321,27,434,142,Irrigator
/usr/local/LSTM-KTH/m2cai16-tool-locations/JPEGImages/v05_060650.jpg,89,256,500,468,SpecimenBag
/usr/local/LSTM-KTH/m2cai16-tool-locations/JPEGImages/v05_060650.jpg,155,168,367,243,Grasper
/usr/local/LSTM-KTH/m2cai16-tool-locations/JPEGImages/v05_060650.jpg,365,163,570,291,Hook
/usr/local/LSTM-KTH/m2cai16-tool-locations/JPEGImages/v05_060650.jpg,291,54,427,142,Grasper
/usr/local/LSTM-KTH/m2cai16-tool-locations/JPEGImages/v05_060650.jpg,391,238,449,302,Irrigator
/usr/local/LSTM-KTH/m2cai16-tool-locations/JPEGImages/v05_060650.jpg,290,51,577,232,Hook
/usr/local/LSTM-KTH/m2cai16-tool-locations/JPEGImages/v05_060650.jpg,378,30,564,188,Bipolar
/usr/local/LSTM-KTH/m2cai16-tool-locations/JPEGImages/v05_060650.jpg,342,135,430,205,Bipolar
/usr/local/LSTM-KTH/m2cai16-tool-locations/JPEGImages/v05_060650.jpg,247,70,406,165,Irrigator
/usr/local/LSTM-KTH/m2cai16-tool-locations/JPEGImages/v05_060650.jpg,321,6,648,210,Clipper
/usr/local/LSTM-KTH/m2cai16-tool-locations/JPEGImages/v05_060650.jpg,170,97,435,304,SpecimenBag
/usr/local/LSTM-KTH/m2cai16-tool-locations/JPEGImages/v05_060650.jpg,301,55,449,138,Grasper
/usr/local/LSTM-KTH/m2cai16-tool-locations/JPEGImages/v05_060650.jpg,340,145,458,293,Irrigator
/usr/local/LSTM-KTH/m2cai16-tool-locations/JPEGImages/v05_060650.jpg,348,61,507,209,Scissors
/usr/local/LSTM-KTH/m2cai16-tool-locations/JPEGImages/v05_060650.jpg,454,116,763,271,Bipolar
/usr/local/LSTM-KTH/m2cai16-tool-locations/JPEGImages/v05_060650.jpg,341,74,454,185,Bipolar
/usr/local/LSTM-KTH/m2cai16-tool-locations/JPEGImages/v05_060650.jpg,149,62,303,143,Grasper
/usr/local/LSTM-KTH/m2cai16-tool-locations/JPEGImages/v05_060650.jpg,288,242,622,472,Hook
/usr/local/LSTM-KTH/m2cai16-tool-locations/JPEGImages/v05_060650.jpg,292,4,446,145,Bipolar
/usr/local/LSTM-KTH/m2cai16-tool-locations/JPEGImages/v05_060650.jpg,417,28,565,140,Hook
/usr/local/LSTM-KTH/m2cai16-tool-locations/JPEGImages/v05_060650.jpg,407,287,571,398,SpecimenBag
/usr/local/LSTM-KTH/m2cai16-tool-locations/JPEGImages/v05_060650.jpg,449,99,592,171,Grasper
/usr/local/LSTM-KTH/m2cai16-tool-locations/JPEGImages/v05_060650.jpg,500,174,755,365,SpecimenBag
/usr/local/LSTM-KTH/m2cai16-tool-locations/JPEGImages/v05_060650.jpg,101,51,220,117,Grasper
/usr/local/LSTM-KTH/m2cai16-tool-locations/JPEGImages/v05_060650.jpg,269,4,404,92,Grasper
/usr/local/LSTM-KTH/m2cai16-tool-locations/JPEGImages/v05_060650.jpg,269,196,416,263,Scissors
/usr/local/LSTM-KTH/m2cai16-tool-locations/JPEGImages/v05_060650.jpg,374,119,479,189,Bipolar
/usr/local/LSTM-KTH/m2cai16-tool-locations/JPEGImages/v05_060650.jpg,295,7,437,120,Bipolar
/usr/local/LSTM-KTH/m2cai16-tool-locations/JPEGImages/v05_060650.jpg,373,81,531,219,Bipolar
/usr/local/LSTM-KTH/m2cai16-tool-locations/JPEGImages/v05_060650.jpg,270,18,406,152,Irrigator
/usr/local/LSTM-KTH/m2cai16-tool-locations/JPEGImages/v05_060650.jpg,114,135,305,282,SpecimenBag
/usr/local/LSTM-KTH/m2cai16-tool-locations/JPEGImages/v05_060650.jpg,123,207,267,288,Grasper
/usr/local/LSTM-KTH/m2cai16-tool-locations/JPEGImages/v05_060650.jpg,465,110,754,259,Bipolar
/usr/local/LSTM-KTH/m2cai16-tool-locations/JPEGImages/v05_060650.jpg,306,98,475,226,Irrigator
/usr/local/LSTM-KTH/m2cai16-tool-locations/JPEGImages/v05_060650.jpg,376,114,520,213,Bipolar
/usr/local/LSTM-KTH/m2cai16-tool-locations/JPEGImages/v05_060650.jpg,110,32,312,150,Grasper
/usr/local/LSTM-KTH/m2cai16-tool-locations/JPEGImages/v05_060650.jpg,235,5,357,85,Hook
/usr/local/LSTM-KTH/m2cai16-tool-locations/JPEGImages/v05_060650.jpg,327,184,449,264,Clipper
/usr/local/LSTM-KTH/m2cai16-tool-locations/JPEGImages/v05_060650.jpg,112,130,298,216,Grasper
/usr/local/LSTM-KTH/m2cai16-tool-locations/JPEGImages/v05_060650.jpg,130,137,306,268,SpecimenBag
/usr/local/LSTM-KTH/m2cai16-tool-locations/JPEGImages/v05_060650.jpg,212,307,323,391,Grasper
/usr/local/LSTM-KTH/m2cai16-tool-locations/JPEGImages/v05_060650.jpg,272,152,403,272,Hook
/usr/local/LSTM-KTH/m2cai16-tool-locations/JPEGImages/v05_060650.jpg,454,49,728,230,SpecimenBag
/usr/local/LSTM-KTH/m2cai16-tool-locations/JPEGImages/v05_060650.jpg,352,151,653,252,Grasper
/usr/local/LSTM-KTH/m2cai16-tool-locations/JPEGImages/v05_060650.jpg,475,275,675,403,Grasper
/usr/local/LSTM-KTH/m2cai16-tool-locations/JPEGImages/v05_060650.jpg,287,93,430,190,Scissors
/usr/local/LSTM-KTH/m2cai16-tool-locations/JPEGImages/v05_060650.jpg,240,93,571,325,SpecimenBag
/usr/local/LSTM-KTH/m2cai16-tool-locations/JPEGImages/v05_060650.jpg,381,242,514,321,Grasper
/usr/local/LSTM-KTH/m2cai16-tool-locations/JPEGImages/v05_060650.jpg,49,115,280,241,Grasper
/usr/local/LSTM-KTH/m2cai16-tool-locations/JPEGImages/v05_060650.jpg,389,173,504,257,Irrigator
/usr/local/LSTM-KTH/m2cai16-tool-locations/JPEGImages/v05_060650.jpg,313,9,435,86,Grasper
/usr/local/LSTM-KTH/m2cai16-tool-locations/JPEGImages/v05_060650.jpg,397,88,793,264,SpecimenBag
/usr/local/LSTM-KTH/m2cai16-tool-locations/JPEGImages/v05_060650.jpg,95,62,362,357,Grasper
/usr/local/LSTM-KTH/m2cai16-tool-locations/JPEGImages/v05_060650.jpg,335,100,477,218,Bipolar
/usr/local/LSTM-KTH/m2cai16-tool-locations/JPEGImages/v05_060650.jpg,107,173,273,241,Grasper
/usr/local/LSTM-KTH/m2cai16-tool-locations/JPEGImages/v05_060650.jpg,357,359,535,475,Hook
/usr/local/LSTM-KTH/m2cai16-tool-locations/JPEGImages/v05_060650.jpg,224,181,303,269,Bipolar
/usr/local/LSTM-KTH/m2cai16-tool-locations/JPEGImages/v05_060650.jpg,343,16,517,164,Grasper
/usr/local/LSTM-KTH/m2cai16-tool-locations/JPEGImages/v05_060650.jpg,250,130,402,274,Scissors
/usr/local/LSTM-KTH/m2cai16-tool-locations/JPEGImages/v05_060650.jpg,697,222,791,374,SpecimenBag
/usr/local/LSTM-KTH/m2cai16-tool-locations/JPEGImages/v05_060650.jpg,325,194,520,273,Grasper
/usr/local/LSTM-KTH/m2cai16-tool-locations/JPEGImages/v05_060650.jpg,248,49,431,243,Bipolar
/usr/local/LSTM-KTH/m2cai16-tool-locations/JPEGImages/v05_060650.jpg,112,167,265,282,Grasper
/usr/local/LSTM-KTH/m2cai16-tool-locations/JPEGImages/v05_060650.jpg,91,12,475,459,SpecimenBag
/usr/local/LSTM-KTH/m2cai16-tool-locations/JPEGImages/v05_060650.jpg,79,23,487,303,SpecimenBag
/usr/local/LSTM-KTH/m2cai16-tool-locations/JPEGImages/v05_060650.jpg,48,11,477,329,Grasper
/usr/local/LSTM-KTH/m2cai16-tool-locations/JPEGImages/v05_060650.jpg,118,178,399,375,SpecimenBag
/usr/local/LSTM-KTH/m2cai16-tool-locations/JPEGImages/v05_060650.jpg,62,181,435,341,Grasper
/usr/local/LSTM-KTH/m2cai16-tool-locations/JPEGImages/v05_060650.jpg,280,120,383,181,Clipper
/usr/local/LSTM-KTH/m2cai16-tool-locations/JPEGImages/v05_060650.jpg,302,10,432,127,Scissors
/usr/local/LSTM-KTH/m2cai16-tool-locations/JPEGImages/v05_060650.jpg,245,189,320,272,Bipolar
/usr/local/LSTM-KTH/m2cai16-tool-locations/JPEGImages/v05_060650.jpg,439,11,582,102,Scissors
/usr/local/LSTM-KTH/m2cai16-tool-locations/JPEGImages/v05_060650.jpg,360,22,471,81,Grasper
/usr/local/LSTM-KTH/m2cai16-tool-locations/JPEGImages/v05_060650.jpg,348,62,481,165,Bipolar
/usr/local/LSTM-KTH/m2cai16-tool-locations/JPEGImages/v05_060650.jpg,110,110,296,255,Grasper
/usr/local/LSTM-KTH/m2cai16-tool-locations/JPEGImages/v05_060650.jpg,580,111,767,267,SpecimenBag
/usr/local/LSTM-KTH/m2cai16-tool-locations/JPEGImages/v05_060650.jpg,181,230,343,411,Grasper
/usr/local/LSTM-KTH/m2cai16-tool-locations/JPEGImages/v05_060650.jpg,271,11,472,166,SpecimenBag
/usr/local/LSTM-KTH/m2cai16-tool-locations/JPEGImages/v05_060650.jpg,143,173,300,283,Grasper
/usr/local/LSTM-KTH/m2cai16-tool-locations/JPEGImages/v05_060650.jpg,368,95,469,163,Grasper
/usr/local/LSTM-KTH/m2cai16-tool-locations/JPEGImages/v05_060650.jpg,237,154,517,331,SpecimenBag
/usr/local/LSTM-KTH/m2cai16-tool-locations/JPEGImages/v05_060650.jpg,399,135,496,203,Grasper
/usr/local/LSTM-KTH/m2cai16-tool-locations/JPEGImages/v05_060650.jpg,296,183,374,272,Grasper
/usr/local/LSTM-KTH/m2cai16-tool-locations/JPEGImages/v05_060650.jpg,213,6,401,88,Grasper
/usr/local/LSTM-KTH/m2cai16-tool-locations/JPEGImages/v05_060650.jpg,350,107,510,200,Scissors
/usr/local/LSTM-KTH/m2cai16-tool-locations/JPEGImages/v05_060650.jpg,87,18,405,234,Grasper
/usr/local/LSTM-KTH/m2cai16-tool-locations/JPEGImages/v05_060650.jpg,114,280,214,401,Grasper
/usr/local/LSTM-KTH/m2cai16-tool-locations/JPEGImages/v05_060650.jpg,703,210,783,369,SpecimenBag
/usr/local/LSTM-KTH/m2cai16-tool-locations/JPEGImages/v05_060650.jpg,538,11,781,259,Grasper
/usr/local/LSTM-KTH/m2cai16-tool-locations/JPEGImages/v05_060650.jpg,303,40,434,143,Irrigator
/usr/local/LSTM-KTH/m2cai16-tool-locations/JPEGImages/v05_060650.jpg,216,155,373,306,Scissors
/usr/local/LSTM-KTH/m2cai16-tool-locations/JPEGImages/v05_060650.jpg,126,222,310,329,SpecimenBag
/usr/local/LSTM-KTH/m2cai16-tool-locations/JPEGImages/v05_060650.jpg,287,242,364,284,Grasper
/usr/local/LSTM-KTH/m2cai16-tool-locations/JPEGImages/v05_060650.jpg,311,132,370,166,Grasper
/usr/local/LSTM-KTH/m2cai16-tool-locations/JPEGImages/v05_060650.jpg,154,94,239,153,Grasper
/usr/local/LSTM-KTH/m2cai16-tool-locations/JPEGImages/v05_060650.jpg,413,46,603,167,Scissors
/usr/local/LSTM-KTH/m2cai16-tool-locations/JPEGImages/v05_060650.jpg,313,68,414,176,Scissors
/usr/local/LSTM-KTH/m2cai16-tool-locations/JPEGImages/v05_060650.jpg,459,37,586,122,Scissors
/usr/local/LSTM-KTH/m2cai16-tool-locations/JPEGImages/v05_060650.jpg,384,35,641,202,Clipper
/usr/local/LSTM-KTH/m2cai16-tool-locations/JPEGImages/v05_060650.jpg,196,9,326,66,SpecimenBag
/usr/local/LSTM-KTH/m2cai16-tool-locations/JPEGImages/v05_060650.jpg,300,59,455,145,Grasper
/usr/local/LSTM-KTH/m2cai16-tool-locations/JPEGImages/v05_060650.jpg,244,304,401,385,Irrigator
/usr/local/LSTM-KTH/m2cai16-tool-locations/JPEGImages/v05_060650.jpg,440,130,657,372,Clipper
/usr/local/LSTM-KTH/m2cai16-tool-locations/JPEGImages/v05_060650.jpg,127,65,267,111,Grasper
/usr/local/LSTM-KTH/m2cai16-tool-locations/JPEGImages/v05_060650.jpg,373,71,488,181,Grasper
/usr/local/LSTM-KTH/m2cai16-tool-locations/JPEGImages/v05_060650.jpg,331,165,445,250,Bipolar
/usr/local/LSTM-KTH/m2cai16-tool-locations/JPEGImages/v05_060650.jpg,186,6,378,71,Grasper
/usr/local/LSTM-KTH/m2cai16-tool-locations/JPEGImages/v05_060650.jpg,343,81,508,196,Clipper
/usr/local/LSTM-KTH/m2cai16-tool-locations/JPEGImages/v05_060650.jpg,397,232,722,477,Hook
/usr/local/LSTM-KTH/m2cai16-tool-locations/JPEGImages/v05_060650.jpg,393,334,523,392,Irrigator
/usr/local/LSTM-KTH/m2cai16-tool-locations/JPEGImages/v05_060650.jpg,104,37,273,131,Grasper
/usr/local/LSTM-KTH/m2cai16-tool-locations/JPEGImages/v05_060650.jpg,277,9,405,82,Grasper
/usr/local/LSTM-KTH/m2cai16-tool-locations/JPEGImages/v05_060650.jpg,229,189,356,263,Scissors
/usr/local/LSTM-KTH/m2cai16-tool-locations/JPEGImages/v05_060650.jpg,345,59,504,178,Hook
/usr/local/LSTM-KTH/m2cai16-tool-locations/JPEGImages/v05_060650.jpg,84,169,253,245,Grasper
/usr/local/LSTM-KTH/m2cai16-tool-locations/JPEGImages/v05_060650.jpg,121,121,322,237,SpecimenBag
/usr/local/LSTM-KTH/m2cai16-tool-locations/JPEGImages/v05_060650.jpg,185,100,318,167,Grasper
/usr/local/LSTM-KTH/m2cai16-tool-locations/JPEGImages/v05_060650.jpg,60,50,649,425,SpecimenBag
/usr/local/LSTM-KTH/m2cai16-tool-locations/JPEGImages/v05_060650.jpg,311,201,590,335,Grasper
/usr/local/LSTM-KTH/m2cai16-tool-locations/JPEGImages/v05_060650.jpg,37,297,233,414,Grasper
/usr/local/LSTM-KTH/m2cai16-tool-locations/JPEGImages/v05_060650.jpg,401,333,653,473,Hook
/usr/local/LSTM-KTH/m2cai16-tool-locations/JPEGImages/v05_060650.jpg,308,142,400,210,Clipper
/usr/local/LSTM-KTH/m2cai16-tool-locations/JPEGImages/v05_060650.jpg,233,103,347,195,Clipper
/usr/local/LSTM-KTH/m2cai16-tool-locations/JPEGImages/v05_060650.jpg,385,126,489,206,Bipolar
/usr/local/LSTM-KTH/m2cai16-tool-locations/JPEGImages/v05_060650.jpg,127,72,366,191,Grasper
/usr/local/LSTM-KTH/m2cai16-tool-locations/JPEGImages/v05_060650.jpg,455,112,630,221,Irrigator
/usr/local/LSTM-KTH/m2cai16-tool-locations/JPEGImages/v05_060650.jpg,254,131,491,246,Grasper
/usr/local/LSTM-KTH/m2cai16-tool-locations/JPEGImages/v05_060650.jpg,285,51,368,160,Bipolar
/usr/local/LSTM-KTH/m2cai16-tool-locations/JPEGImages/v05_060650.jpg,159,45,311,124,Grasper
/usr/local/LSTM-KTH/m2cai16-tool-locations/JPEGImages/v05_060650.jpg,384,76,495,161,Clipper
/usr/local/LSTM-KTH/m2cai16-tool-locations/JPEGImages/v05_060650.jpg,234,149,434,326,Clipper
/usr/local/LSTM-KTH/m2cai16-tool-locations/JPEGImages/v05_060650.jpg,225,274,417,336,Grasper
/usr/local/LSTM-KTH/m2cai16-tool-locations/JPEGImages/v05_060650.jpg,426,166,566,229,Grasper
/usr/local/LSTM-KTH/m2cai16-tool-locations/JPEGImages/v05_060650.jpg,148,126,569,343,SpecimenBag
/usr/local/LSTM-KTH/m2cai16-tool-locations/JPEGImages/v05_060650.jpg,458,141,686,240,Grasper
/usr/local/LSTM-KTH/m2cai16-tool-locations/JPEGImages/v05_060650.jpg,359,13,583,179,Grasper
/usr/local/LSTM-KTH/m2cai16-tool-locations/JPEGImages/v05_060650.jpg,89,167,426,363,Grasper
/usr/local/LSTM-KTH/m2cai16-tool-locations/JPEGImages/v05_060650.jpg,271,141,355,209,Hook
/usr/local/LSTM-KTH/m2cai16-tool-locations/JPEGImages/v05_060650.jpg,270,206,392,296,Hook
/usr/local/LSTM-KTH/m2cai16-tool-locations/JPEGImages/v05_060650.jpg,167,115,342,223,Grasper
/usr/local/LSTM-KTH/m2cai16-tool-locations/JPEGImages/v05_060650.jpg,291,170,393,219,Bipolar
/usr/local/LSTM-KTH/m2cai16-tool-locations/JPEGImages/v05_060650.jpg,283,94,371,152,Grasper
/usr/local/LSTM-KTH/m2cai16-tool-locations/JPEGImages/v05_060650.jpg,209,90,387,237,SpecimenBag
/usr/local/LSTM-KTH/m2cai16-tool-locations/JPEGImages/v05_060650.jpg,193,127,410,337,Grasper
/usr/local/LSTM-KTH/m2cai16-tool-locations/JPEGImages/v05_060650.jpg,36,224,341,308,Grasper
/usr/local/LSTM-KTH/m2cai16-tool-locations/JPEGImages/v05_060650.jpg,299,114,482,220,Bipolar
/usr/local/LSTM-KTH/m2cai16-tool-locations/JPEGImages/v05_060650.jpg,170,28,345,127,Grasper
/usr/local/LSTM-KTH/m2cai16-tool-locations/JPEGImages/v05_060650.jpg,286,60,407,196,Scissors
/usr/local/LSTM-KTH/m2cai16-tool-locations/JPEGImages/v05_060650.jpg,99,183,247,284,Grasper
/usr/local/LSTM-KTH/m2cai16-tool-locations/JPEGImages/v05_060650.jpg,333,7,457,97,Irrigator
/usr/local/LSTM-KTH/m2cai16-tool-locations/JPEGImages/v05_060650.jpg,374,91,656,250,Clipper
/usr/local/LSTM-KTH/m2cai16-tool-locations/JPEGImages/v05_060650.jpg,89,37,262,153,Grasper
/usr/local/LSTM-KTH/m2cai16-tool-locations/JPEGImages/v05_060650.jpg,360,342,567,403,Scissors
/usr/local/LSTM-KTH/m2cai16-tool-locations/JPEGImages/v05_060650.jpg,244,207,454,328,Clipper
/usr/local/LSTM-KTH/m2cai16-tool-locations/JPEGImages/v05_060650.jpg,297,69,588,316,SpecimenBag
/usr/local/LSTM-KTH/m2cai16-tool-locations/JPEGImages/v05_060650.jpg,331,185,475,286,Grasper
/usr/local/LSTM-KTH/m2cai16-tool-locations/JPEGImages/v05_060650.jpg,366,56,486,147,Grasper
/usr/local/LSTM-KTH/m2cai16-tool-locations/JPEGImages/v05_060650.jpg,77,207,401,403,SpecimenBag
/usr/local/LSTM-KTH/m2cai16-tool-locations/JPEGImages/v05_060650.jpg,301,100,478,313,Grasper
/usr/local/LSTM-KTH/m2cai16-tool-locations/JPEGImages/v05_060650.jpg,332,127,471,236,Bipolar
/usr/local/LSTM-KTH/m2cai16-tool-locations/JPEGImages/v05_060650.jpg,131,73,315,197,Grasper
/usr/local/LSTM-KTH/m2cai16-tool-locations/JPEGImages/v05_060650.jpg,293,185,491,321,Clipper
/usr/local/LSTM-KTH/m2cai16-tool-locations/JPEGImages/v05_060650.jpg,426,136,589,229,Bipolar
/usr/local/LSTM-KTH/m2cai16-tool-locations/JPEGImages/v05_060650.jpg,330,179,536,338,Scissors
/usr/local/LSTM-KTH/m2cai16-tool-locations/JPEGImages/v05_060650.jpg,330,14,460,113,Scissors
/usr/local/LSTM-KTH/m2cai16-tool-locations/JPEGImages/v05_060650.jpg,413,16,658,149,Irrigator
/usr/local/LSTM-KTH/m2cai16-tool-locations/JPEGImages/v05_060650.jpg,349,12,528,151,Clipper
/usr/local/LSTM-KTH/m2cai16-tool-locations/JPEGImages/v05_060650.jpg,227,10,364,152,Clipper
/usr/local/LSTM-KTH/m2cai16-tool-locations/JPEGImages/v05_060650.jpg,315,131,485,233,Bipolar
/usr/local/LSTM-KTH/m2cai16-tool-locations/JPEGImages/v05_060650.jpg,249,205,314,275,Scissors
/usr/local/LSTM-KTH/m2cai16-tool-locations/JPEGImages/v05_060650.jpg,121,55,277,133,Grasper
/usr/local/LSTM-KTH/m2cai16-tool-locations/JPEGImages/v05_060650.jpg,288,9,387,71,Grasper
/usr/local/LSTM-KTH/m2cai16-tool-locations/JPEGImages/v05_060650.jpg,128,155,372,296,SpecimenBag
/usr/local/LSTM-KTH/m2cai16-tool-locations/JPEGImages/v05_060650.jpg,229,75,417,184,Grasper
/usr/local/LSTM-KTH/m2cai16-tool-locations/JPEGImages/v05_060650.jpg,310,3,441,82,Grasper
/usr/local/LSTM-KTH/m2cai16-tool-locations/JPEGImages/v05_060650.jpg,410,175,541,238,Scissors
/usr/local/LSTM-KTH/m2cai16-tool-locations/JPEGImages/v05_060650.jpg,353,301,568,397,Scissors
/usr/local/LSTM-KTH/m2cai16-tool-locations/JPEGImages/v05_060650.jpg,321,57,423,155,Irrigator
/usr/local/LSTM-KTH/m2cai16-tool-locations/JPEGImages/v05_060650.jpg,116,180,345,308,Grasper
/usr/local/LSTM-KTH/m2cai16-tool-locations/JPEGImages/v05_060650.jpg,211,60,346,186,Bipolar
/usr/local/LSTM-KTH/m2cai16-tool-locations/JPEGImages/v05_060650.jpg,302,67,398,152,Irrigator
/usr/local/LSTM-KTH/m2cai16-tool-locations/JPEGImages/v05_060650.jpg,365,82,478,196,Grasper
/usr/local/LSTM-KTH/m2cai16-tool-locations/JPEGImages/v05_060650.jpg,101,90,241,174,Grasper
/usr/local/LSTM-KTH/m2cai16-tool-locations/JPEGImages/v05_060650.jpg,430,131,595,229,Bipolar
/usr/local/LSTM-KTH/m2cai16-tool-locations/JPEGImages/v05_060650.jpg,384,93,589,212,Hook
/usr/local/LSTM-KTH/m2cai16-tool-locations/JPEGImages/v05_060650.jpg,281,13,421,91,Grasper
/usr/local/LSTM-KTH/m2cai16-tool-locations/JPEGImages/v05_060650.jpg,94,297,615,465,SpecimenBag
/usr/local/LSTM-KTH/m2cai16-tool-locations/JPEGImages/v05_060650.jpg,341,77,474,197,Bipolar
/usr/local/LSTM-KTH/m2cai16-tool-locations/JPEGImages/v05_060650.jpg,99,145,222,238,Grasper
/usr/local/LSTM-KTH/m2cai16-tool-locations/JPEGImages/v05_060650.jpg,63,68,637,438,SpecimenBag
/usr/local/LSTM-KTH/m2cai16-tool-locations/JPEGImages/v05_060650.jpg,269,177,568,361,Grasper
/usr/local/LSTM-KTH/m2cai16-tool-locations/JPEGImages/v05_060650.jpg,34,309,216,416,Grasper
